YEAR,STATE,AVG_SCORE,TEST_SUBJECT,TEST_YEAR
2017,ALABAMA,232.17068774150903,Mathematics,4
2017,ALASKA,230.456277558902,Mathematics,4
2017,ARIZONA,234.435788152091,Mathematics,4
2017,ARKANSAS,233.848143678937,Mathematics,4
2017,CALIFORNIA,232.262940994562,Mathematics,4
2017,COLORADO,240.69501661550498,Mathematics,4
2017,CONNECTICUT,239.237650900737,Mathematics,4
2017,DELAWARE,236.12756170618698,Mathematics,4
2017,DISTRICT_OF_COLUMBIA,231.320462145503,Mathematics,4
2017,FLORIDA,246.367695779459,Mathematics,4
2017,GEORGIA,236.383603027145,Mathematics,4
2017,HAWAII,237.919768737113,Mathematics,4
2017,IDAHO,239.96751408118098,Mathematics,4
2017,ILLINOIS,238.11894743567402,Mathematics,4
2017,INDIANA,246.513750055807,Mathematics,4
2017,IOWA,243.107484364402,Mathematics,4
2017,KANSAS,241.21280456721001,Mathematics,4
2017,KENTUCKY,239.17825740582,Mathematics,4
2017,LOUISIANA,228.971745398005,Mathematics,4
2017,MAINE,239.898994523321,Mathematics,4
2017,MARYLAND,240.601277324157,Mathematics,4
2017,MASSACHUSETTS,249.10267390992803,Mathematics,4
2017,MICHIGAN,235.55547254746202,Mathematics,4
2017,MINNESOTA,248.804302567269,Mathematics,4
2017,MISSISSIPPI,234.69419302812,Mathematics,4
2017,MISSOURI,239.502289164298,Mathematics,4
2017,MONTANA,240.72163449861802,Mathematics,4
2017,NEBRASKA,245.59067458725,Mathematics,4
2017,NEVADA,231.685162157891,Mathematics,4
2017,NEW_HAMPSHIRE,245.319838570829,Mathematics,4
2017,NEW_JERSEY,247.855231175611,Mathematics,4
2017,NEW_MEXICO,229.704281935704,Mathematics,4
2017,NEW_YORK,235.548457260667,Mathematics,4
2017,NORTH_CAROLINA,240.951393074866,Mathematics,4
2017,NORTH_DAKOTA,244.243515259852,Mathematics,4
2017,OHIO,240.928372101796,Mathematics,4
2017,OKLAHOMA,237.32627022564702,Mathematics,4
2017,OREGON,233.132459994163,Mathematics,4
2017,PENNSYLVANIA,241.672327208486,Mathematics,4
2017,RHODE_ISLAND,237.554934304512,Mathematics,4
2017,SOUTH_CAROLINA,234.043992967064,Mathematics,4
2017,SOUTH_DAKOTA,241.58894696354,Mathematics,4
2017,TENNESSEE,236.692515382765,Mathematics,4
2017,TEXAS,240.94367066802897,Mathematics,4
2017,UTAH,242.48076624653302,Mathematics,4
2017,VERMONT,240.89329718948397,Mathematics,4
2017,VIRGINIA,248.041059058675,Mathematics,4
2017,WASHINGTON,241.70100096535802,Mathematics,4
2017,WEST_VIRGINIA,236.057018907755,Mathematics,4
2017,WISCONSIN,240.389213393097,Mathematics,4
2017,WYOMING,247.82061920913398,Mathematics,4
2015,ALABAMA,230.977422662321,Mathematics,4
2015,ALASKA,236.32841695089698,Mathematics,4
2015,ARIZONA,237.61175542795,Mathematics,4
2015,ARKANSAS,235.215469726642,Mathematics,4
2015,CALIFORNIA,231.54934500615502,Mathematics,4
2015,COLORADO,241.563575620412,Mathematics,4
2015,CONNECTICUT,240.159468855002,Mathematics,4
2015,DELAWARE,238.67801881991002,Mathematics,4
2015,DISTRICT_OF_COLUMBIA,231.307525116183,Mathematics,4
2015,FLORIDA,242.66432092861402,Mathematics,4
2015,GEORGIA,236.452519256357,Mathematics,4
2015,HAWAII,237.895806837329,Mathematics,4
2015,IDAHO,238.79962471268502,Mathematics,4
2015,ILLINOIS,237.307813789509,Mathematics,4
2015,INDIANA,247.65218362008702,Mathematics,4
2015,IOWA,243.339911874178,Mathematics,4
2015,KANSAS,241.067208517258,Mathematics,4
2015,KENTUCKY,241.72776193105202,Mathematics,4
2015,LOUISIANA,234.28190182677002,Mathematics,4
2015,MAINE,242.24465409976503,Mathematics,4
2015,MARYLAND,239.49975090765,Mathematics,4
2015,MASSACHUSETTS,250.56577782628202,Mathematics,4
2015,MICHIGAN,235.728893690295,Mathematics,4
2015,MINNESOTA,249.575846952089,Mathematics,4
2015,MISSISSIPPI,234.243053139768,Mathematics,4
2015,MISSOURI,238.964922500718,Mathematics,4
2015,MONTANA,241.287048262014,Mathematics,4
2015,NEBRASKA,243.863666875446,Mathematics,4
2015,NEVADA,233.827016206925,Mathematics,4
2015,NEW_HAMPSHIRE,249.150621351838,Mathematics,4
2015,NEW_JERSEY,245.383220077076,Mathematics,4
2015,NEW_MEXICO,231.167235964367,Mathematics,4
2015,NEW_YORK,236.796927043204,Mathematics,4
2015,NORTH_CAROLINA,243.74226678887902,Mathematics,4
2015,NORTH_DAKOTA,244.71383057757998,Mathematics,4
2015,OHIO,243.598591203345,Mathematics,4
2015,OKLAHOMA,239.760481447062,Mathematics,4
2015,OREGON,237.74670893826,Mathematics,4
2015,PENNSYLVANIA,243.312239940824,Mathematics,4
2015,RHODE_ISLAND,238.00172968276402,Mathematics,4
2015,SOUTH_CAROLINA,237.08957145861402,Mathematics,4
2015,SOUTH_DAKOTA,239.723094945658,Mathematics,4
2015,TENNESSEE,240.66739574311902,Mathematics,4
2015,TEXAS,244.00247204328,Mathematics,4
2015,UTAH,242.562787058815,Mathematics,4
2015,VERMONT,243.25039915815398,Mathematics,4
2015,VIRGINIA,246.612621705962,Mathematics,4
2015,WASHINGTON,244.98142218530103,Mathematics,4
2015,WEST_VIRGINIA,235.20466146206502,Mathematics,4
2015,WISCONSIN,243.31021131879902,Mathematics,4
2015,WYOMING,246.75976446726798,Mathematics,4
2013,ALABAMA,232.86133246614799,Mathematics,4
2013,ALASKA,236.122004416339,Mathematics,4
2013,ARIZONA,240.30491147057597,Mathematics,4
2013,ARKANSAS,239.89052210005002,Mathematics,4
2013,CALIFORNIA,233.65446462441298,Mathematics,4
2013,COLORADO,246.975708032011,Mathematics,4
2013,CONNECTICUT,243.440297394202,Mathematics,4
2013,DELAWARE,243.107758182676,Mathematics,4
2013,DISTRICT_OF_COLUMBIA,228.56725387257598,Mathematics,4
2013,FLORIDA,241.675809566843,Mathematics,4
2013,GEORGIA,240.04723664592998,Mathematics,4
2013,HAWAII,243.308618941163,Mathematics,4
2013,IDAHO,240.722019842936,Mathematics,4
2013,ILLINOIS,239.00020401700297,Mathematics,4
2013,INDIANA,248.59677735800202,Mathematics,4
2013,IOWA,245.793505546843,Mathematics,4
2013,KANSAS,246.18570187094397,Mathematics,4
2013,KENTUCKY,241.469926794712,Mathematics,4
2013,LOUISIANA,231.36630864378998,Mathematics,4
2013,MAINE,245.84700179867198,Mathematics,4
2013,MARYLAND,245.16937954677502,Mathematics,4
2013,MASSACHUSETTS,253.03378520177898,Mathematics,4
2013,MICHIGAN,236.819778402754,Mathematics,4
2013,MINNESOTA,253.420961133202,Mathematics,4
2013,MISSISSIPPI,231.105721411129,Mathematics,4
2013,MISSOURI,239.548361930055,Mathematics,4
2013,MONTANA,243.69888459472,Mathematics,4
2013,NEBRASKA,243.157929125431,Mathematics,4
2013,NEVADA,236.262899387868,Mathematics,4
2013,NEW_HAMPSHIRE,252.993525166642,Mathematics,4
2013,NEW_JERSEY,246.87090919859298,Mathematics,4
2013,NEW_MEXICO,232.78143293135602,Mathematics,4
2013,NEW_YORK,240.34981686683898,Mathematics,4
2013,NORTH_CAROLINA,244.801732892983,Mathematics,4
2013,NORTH_DAKOTA,246.424794889496,Mathematics,4
2013,OHIO,245.549796905114,Mathematics,4
2013,OKLAHOMA,238.921877478041,Mathematics,4
2013,OREGON,240.09925201800598,Mathematics,4
2013,PENNSYLVANIA,244.012619964297,Mathematics,4
2013,RHODE_ISLAND,241.41673523663502,Mathematics,4
2013,SOUTH_CAROLINA,236.625899742704,Mathematics,4
2013,SOUTH_DAKOTA,240.98109972224202,Mathematics,4
2013,TENNESSEE,239.774787022732,Mathematics,4
2013,TEXAS,241.926288740505,Mathematics,4
2013,UTAH,242.82068873480802,Mathematics,4
2013,VERMONT,247.803294738209,Mathematics,4
2013,VIRGINIA,246.177456938875,Mathematics,4
2013,WASHINGTON,246.288338069866,Mathematics,4
2013,WEST_VIRGINIA,237.440632664342,Mathematics,4
2013,WISCONSIN,244.706291648161,Mathematics,4
2013,WYOMING,246.52240092011502,Mathematics,4
2011,ALABAMA,231.286019035945,Mathematics,4
2011,ALASKA,236.35965802610698,Mathematics,4
2011,ARIZONA,235.157597045644,Mathematics,4
2011,ARKANSAS,237.810156979715,Mathematics,4
2011,CALIFORNIA,234.164993212459,Mathematics,4
2011,COLORADO,244.456097110102,Mathematics,4
2011,CONNECTICUT,242.413406903396,Mathematics,4
2011,DELAWARE,240.359832433478,Mathematics,4
2011,DISTRICT_OF_COLUMBIA,221.808283121753,Mathematics,4
2011,FLORIDA,239.826451038787,Mathematics,4
2011,GEORGIA,238.366542086539,Mathematics,4
2011,HAWAII,238.82192776062,Mathematics,4
2011,IDAHO,240.328832465338,Mathematics,4
2011,ILLINOIS,238.836878932328,Mathematics,4
2011,INDIANA,243.836875966553,Mathematics,4
2011,IOWA,242.60487294847198,Mathematics,4
2011,KANSAS,246.25533479144298,Mathematics,4
2011,KENTUCKY,240.83070024317,Mathematics,4
2011,LOUISIANA,230.778869270132,Mathematics,4
2011,MAINE,244.257016536718,Mathematics,4
2011,MARYLAND,247.106555813795,Mathematics,4
2011,MASSACHUSETTS,253.39645576405,Mathematics,4
2011,MICHIGAN,236.40221370650698,Mathematics,4
2011,MINNESOTA,249.186686145154,Mathematics,4
2011,MISSISSIPPI,229.868022217831,Mathematics,4
2011,MISSOURI,240.494831043156,Mathematics,4
2011,MONTANA,243.796606541624,Mathematics,4
2011,NEBRASKA,239.80326865057597,Mathematics,4
2011,NEVADA,237.031878873139,Mathematics,4
2011,NEW_HAMPSHIRE,251.77883682247003,Mathematics,4
2011,NEW_JERSEY,248.00416256175097,Mathematics,4
2011,NEW_MEXICO,232.840370734081,Mathematics,4
2011,NEW_YORK,237.519942618542,Mathematics,4
2011,NORTH_CAROLINA,244.51790076388198,Mathematics,4
2011,NORTH_DAKOTA,245.15641599478298,Mathematics,4
2011,OHIO,244.038621552155,Mathematics,4
2011,OKLAHOMA,237.42908227430198,Mathematics,4
2011,OREGON,236.914497047468,Mathematics,4
2011,PENNSYLVANIA,245.654910289272,Mathematics,4
2011,RHODE_ISLAND,241.624774676562,Mathematics,4
2011,SOUTH_CAROLINA,237.303024975307,Mathematics,4
2011,SOUTH_DAKOTA,240.979792262817,Mathematics,4
2011,TENNESSEE,232.90111698293097,Mathematics,4
2011,TEXAS,241.10179365066003,Mathematics,4
2011,UTAH,242.53751311453098,Mathematics,4
2011,VERMONT,246.639729922321,Mathematics,4
2011,VIRGINIA,245.333618143766,Mathematics,4
2011,WASHINGTON,243.182884658018,Mathematics,4
2011,WEST_VIRGINIA,234.655806758932,Mathematics,4
2011,WISCONSIN,244.691865519641,Mathematics,4
2011,WYOMING,243.874435027563,Mathematics,4
2009,ALABAMA,227.962650411086,Mathematics,4
2009,ALASKA,237.21228433612202,Mathematics,4
2009,ARIZONA,229.991105224216,Mathematics,4
2009,ARKANSAS,237.54059191157398,Mathematics,4
2009,CALIFORNIA,231.674927207631,Mathematics,4
2009,COLORADO,243.132439997085,Mathematics,4
2009,CONNECTICUT,244.717742733409,Mathematics,4
2009,DELAWARE,239.490569439364,Mathematics,4
2009,DISTRICT_OF_COLUMBIA,219.260141025805,Mathematics,4
2009,FLORIDA,241.944909379496,Mathematics,4
2009,GEORGIA,236.029572886478,Mathematics,4
2009,HAWAII,235.679780829025,Mathematics,4
2009,IDAHO,241.04280230401298,Mathematics,4
2009,ILLINOIS,238.28566884936,Mathematics,4
2009,INDIANA,242.616809561118,Mathematics,4
2009,IOWA,242.59564400257702,Mathematics,4
2009,KANSAS,245.308653571101,Mathematics,4
2009,KENTUCKY,238.835902308004,Mathematics,4
2009,LOUISIANA,229.432455453722,Mathematics,4
2009,MAINE,244.45573275395802,Mathematics,4
2009,MARYLAND,243.795041028457,Mathematics,4
2009,MASSACHUSETTS,252.25478970054797,Mathematics,4
2009,MICHIGAN,236.279719737382,Mathematics,4
2009,MINNESOTA,249.455534206082,Mathematics,4
2009,MISSISSIPPI,227.262260849183,Mathematics,4
2009,MISSOURI,240.684380944942,Mathematics,4
2009,MONTANA,244.400751913997,Mathematics,4
2009,NEBRASKA,238.748463363704,Mathematics,4
2009,NEVADA,235.152273891367,Mathematics,4
2009,NEW_HAMPSHIRE,251.071752631735,Mathematics,4
2009,NEW_JERSEY,246.52986977977997,Mathematics,4
2009,NEW_MEXICO,230.029589245712,Mathematics,4
2009,NEW_YORK,240.641098758037,Mathematics,4
2009,NORTH_CAROLINA,243.77846013203302,Mathematics,4
2009,NORTH_DAKOTA,245.18952627082996,Mathematics,4
2009,OHIO,243.68755285939702,Mathematics,4
2009,OKLAHOMA,236.780985587581,Mathematics,4
2009,OREGON,238.03232724765098,Mathematics,4
2009,PENNSYLVANIA,243.58787315025,Mathematics,4
2009,RHODE_ISLAND,238.76685909351102,Mathematics,4
2009,SOUTH_CAROLINA,235.66830247692798,Mathematics,4
2009,SOUTH_DAKOTA,242.097789760041,Mathematics,4
2009,TENNESSEE,231.82548619984797,Mathematics,4
2009,TEXAS,240.464623710389,Mathematics,4
2009,UTAH,240.318712615955,Mathematics,4
2009,VERMONT,247.767226051132,Mathematics,4
2009,VIRGINIA,243.07129688880002,Mathematics,4
2009,WASHINGTON,242.25709121275398,Mathematics,4
2009,WEST_VIRGINIA,232.983144485532,Mathematics,4
2009,WISCONSIN,243.585253522635,Mathematics,4
2009,WYOMING,242.009195680162,Mathematics,4
2007,ALABAMA,228.52001796592498,Mathematics,4
2007,ALASKA,237.27389321932498,Mathematics,4
2007,ARIZONA,231.93693354533798,Mathematics,4
2007,ARKANSAS,237.670687444943,Mathematics,4
2007,CALIFORNIA,230.034091233638,Mathematics,4
2007,COLORADO,240.205890246617,Mathematics,4
2007,CONNECTICUT,242.755646830159,Mathematics,4
2007,DELAWARE,241.794894891207,Mathematics,4
2007,DISTRICT_OF_COLUMBIA,213.698898810354,Mathematics,4
2007,FLORIDA,242.02025001892997,Mathematics,4
2007,GEORGIA,235.209017091471,Mathematics,4
2007,HAWAII,234.286134982354,Mathematics,4
2007,IDAHO,240.90284353732002,Mathematics,4
2007,ILLINOIS,237.28704131937099,Mathematics,4
2007,INDIANA,245.14425495640302,Mathematics,4
2007,IOWA,242.819589303779,Mathematics,4
2007,KANSAS,247.923654192161,Mathematics,4
2007,KENTUCKY,235.087920190601,Mathematics,4
2007,LOUISIANA,230.043119251121,Mathematics,4
2007,MAINE,242.370603982666,Mathematics,4
2007,MARYLAND,240.32823069137902,Mathematics,4
2007,MASSACHUSETTS,252.430319790792,Mathematics,4
2007,MICHIGAN,237.605553465148,Mathematics,4
2007,MINNESOTA,246.997762406425,Mathematics,4
2007,MISSISSIPPI,227.612377077088,Mathematics,4
2007,MISSOURI,239.411102894897,Mathematics,4
2007,MONTANA,243.618811261651,Mathematics,4
2007,NEBRASKA,238.040808639328,Mathematics,4
2007,NEVADA,231.781600510466,Mathematics,4
2007,NEW_HAMPSHIRE,248.571526557139,Mathematics,4
2007,NEW_JERSEY,248.621522373251,Mathematics,4
2007,NEW_MEXICO,228.06431284199502,Mathematics,4
2007,NEW_YORK,242.54301817964298,Mathematics,4
2007,NORTH_CAROLINA,241.617994022296,Mathematics,4
2007,NORTH_DAKOTA,245.415854173904,Mathematics,4
2007,OHIO,244.532731712557,Mathematics,4
2007,OKLAHOMA,236.80219418762002,Mathematics,4
2007,OREGON,236.039657297687,Mathematics,4
2007,PENNSYLVANIA,244.001273492789,Mathematics,4
2007,RHODE_ISLAND,235.87793575221198,Mathematics,4
2007,SOUTH_CAROLINA,237.10741145424402,Mathematics,4
2007,SOUTH_DAKOTA,241.213428581694,Mathematics,4
2007,TENNESSEE,232.753710108317,Mathematics,4
2007,TEXAS,242.339759859575,Mathematics,4
2007,UTAH,239.40498890696202,Mathematics,4
2007,VERMONT,246.35740495721402,Mathematics,4
2007,VIRGINIA,243.52112978321603,Mathematics,4
2007,WASHINGTON,242.54223198471402,Mathematics,4
2007,WEST_VIRGINIA,236.33780580016702,Mathematics,4
2007,WISCONSIN,244.181214196835,Mathematics,4
2007,WYOMING,243.86691506428397,Mathematics,4
2005,ALABAMA,225.07123624126498,Mathematics,4
2005,ALASKA,235.51070553974498,Mathematics,4
2005,ARIZONA,229.80067307133098,Mathematics,4
2005,ARKANSAS,235.54546696397998,Mathematics,4
2005,CALIFORNIA,230.36695749900002,Mathematics,4
2005,COLORADO,239.21587446297997,Mathematics,4
2005,CONNECTICUT,242.12073236174197,Mathematics,4
2005,DELAWARE,239.71691237716598,Mathematics,4
2005,DISTRICT_OF_COLUMBIA,211.122298531209,Mathematics,4
2005,FLORIDA,238.930649601433,Mathematics,4
2005,GEORGIA,233.635737790752,Mathematics,4
2005,HAWAII,230.096875403391,Mathematics,4
2005,IDAHO,241.65011574286498,Mathematics,4
2005,ILLINOIS,233.067493972686,Mathematics,4
2005,INDIANA,240.06909881046798,Mathematics,4
2005,IOWA,239.880801811134,Mathematics,4
2005,KANSAS,245.782046485738,Mathematics,4
2005,KENTUCKY,231.492305367483,Mathematics,4
2005,LOUISIANA,230.23119641348597,Mathematics,4
2005,MAINE,240.691459684627,Mathematics,4
2005,MARYLAND,238.42170673666402,Mathematics,4
2005,MASSACHUSETTS,247.33704896217003,Mathematics,4
2005,MICHIGAN,237.70600298851102,Mathematics,4
2005,MINNESOTA,245.746191132071,Mathematics,4
2005,MISSISSIPPI,226.698844722803,Mathematics,4
2005,MISSOURI,235.035547623939,Mathematics,4
2005,MONTANA,240.575488552507,Mathematics,4
2005,NEBRASKA,237.706178475691,Mathematics,4
2005,NEVADA,229.87159551387995,Mathematics,4
2005,NEW_HAMPSHIRE,245.62592639978698,Mathematics,4
2005,NEW_JERSEY,243.978931397732,Mathematics,4
2005,NEW_MEXICO,224.027218256997,Mathematics,4
2005,NEW_YORK,238.173976704232,Mathematics,4
2005,NORTH_CAROLINA,241.23554932895803,Mathematics,4
2005,NORTH_DAKOTA,242.73699505931702,Mathematics,4
2005,OHIO,242.105935222061,Mathematics,4
2005,OKLAHOMA,233.95532879955002,Mathematics,4
2005,OREGON,238.324930566673,Mathematics,4
2005,PENNSYLVANIA,240.57296331100702,Mathematics,4
2005,RHODE_ISLAND,233.436772307714,Mathematics,4
2005,SOUTH_CAROLINA,238.302675325314,Mathematics,4
2005,SOUTH_DAKOTA,241.594186083007,Mathematics,4
2005,TENNESSEE,231.688079714459,Mathematics,4
2005,TEXAS,241.990916323988,Mathematics,4
2005,UTAH,238.797423758414,Mathematics,4
2005,VERMONT,243.52885539429298,Mathematics,4
2005,VIRGINIA,240.497568178325,Mathematics,4
2005,WASHINGTON,241.68467451823898,Mathematics,4
2005,WEST_VIRGINIA,230.84326791657298,Mathematics,4
2005,WISCONSIN,240.568581924116,Mathematics,4
2005,WYOMING,242.955913765367,Mathematics,4
2003,ALABAMA,223.344642639352,Mathematics,4
2003,ALASKA,232.99165432133597,Mathematics,4
2003,ARIZONA,228.91139607018397,Mathematics,4
2003,ARKANSAS,229.00658865624402,Mathematics,4
2003,CALIFORNIA,227.45498179673598,Mathematics,4
2003,COLORADO,235.19311612499598,Mathematics,4
2003,CONNECTICUT,240.61524163452302,Mathematics,4
2003,DELAWARE,235.859424549367,Mathematics,4
2003,DISTRICT_OF_COLUMBIA,204.919850427599,Mathematics,4
2003,FLORIDA,233.72881145807003,Mathematics,4
2003,GEORGIA,230.254976798559,Mathematics,4
2003,HAWAII,226.834610206384,Mathematics,4
2003,IDAHO,234.943764703458,Mathematics,4
2003,ILLINOIS,232.856775292011,Mathematics,4
2003,INDIANA,237.96827988706298,Mathematics,4
2003,IOWA,238.476694547401,Mathematics,4
2003,KANSAS,241.74736576191398,Mathematics,4
2003,KENTUCKY,228.72634325953098,Mathematics,4
2003,LOUISIANA,226.247729119261,Mathematics,4
2003,MAINE,237.61571038162498,Mathematics,4
2003,MARYLAND,233.079852288453,Mathematics,4
2003,MASSACHUSETTS,241.664527429109,Mathematics,4
2003,MICHIGAN,235.68697467413898,Mathematics,4
2003,MINNESOTA,241.91229558307703,Mathematics,4
2003,MISSISSIPPI,222.890600506289,Mathematics,4
2003,MISSOURI,234.836425354607,Mathematics,4
2003,MONTANA,235.75491526568902,Mathematics,4
2003,NEBRASKA,236.254108414529,Mathematics,4
2003,NEVADA,227.513598313738,Mathematics,4
2003,NEW_HAMPSHIRE,243.11014219523702,Mathematics,4
2003,NEW_JERSEY,238.776541201516,Mathematics,4
2003,NEW_MEXICO,222.51800923908297,Mathematics,4
2003,NEW_YORK,235.930075481869,Mathematics,4
2003,NORTH_CAROLINA,242.04012560616403,Mathematics,4
2003,NORTH_DAKOTA,237.57738683297902,Mathematics,4
2003,OHIO,237.78206789556302,Mathematics,4
2003,OKLAHOMA,229.096621276342,Mathematics,4
2003,OREGON,236.30590556784,Mathematics,4
2003,PENNSYLVANIA,235.947017122469,Mathematics,4
2003,RHODE_ISLAND,230.29796199237302,Mathematics,4
2003,SOUTH_CAROLINA,235.793223537785,Mathematics,4
2003,SOUTH_DAKOTA,237.26482055278802,Mathematics,4
2003,TENNESSEE,227.75504472077301,Mathematics,4
2003,TEXAS,237.305921828857,Mathematics,4
2003,UTAH,234.782950865289,Mathematics,4
2003,VERMONT,241.92607241845903,Mathematics,4
2003,VIRGINIA,239.20308912003503,Mathematics,4
2003,WASHINGTON,238.292839469301,Mathematics,4
2003,WEST_VIRGINIA,230.767748452518,Mathematics,4
2003,WISCONSIN,236.75541398272597,Mathematics,4
2003,WYOMING,241.08570064627898,Mathematics,4
2000,ALABAMA,217.94105295810903,Mathematics,4
2000,ALASKA,,Mathematics,4
2000,ARIZONA,218.766619064154,Mathematics,4
2000,ARKANSAS,217.06286951100202,Mathematics,4
2000,CALIFORNIA,213.565125054589,Mathematics,4
2000,COLORADO,,Mathematics,4
2000,CONNECTICUT,234.24337472598702,Mathematics,4
2000,DELAWARE,,Mathematics,4
2000,DISTRICT_OF_COLUMBIA,193.28977448330102,Mathematics,4
2000,FLORIDA,,Mathematics,4
2000,GEORGIA,219.556757129447,Mathematics,4
2000,HAWAII,215.846798551931,Mathematics,4
2000,IDAHO,226.89378450457298,Mathematics,4
2000,ILLINOIS,224.930411301324,Mathematics,4
2000,INDIANA,234.421428848088,Mathematics,4
2000,IOWA,232.896934923163,Mathematics,4
2000,KANSAS,231.95343457542302,Mathematics,4
2000,KENTUCKY,220.993596656925,Mathematics,4
2000,LOUISIANA,217.963756187095,Mathematics,4
2000,MAINE,230.56864599996499,Mathematics,4
2000,MARYLAND,222.310406824294,Mathematics,4
2000,MASSACHUSETTS,234.959613253214,Mathematics,4
2000,MICHIGAN,230.886972490047,Mathematics,4
2000,MINNESOTA,235.27088758060398,Mathematics,4
2000,MISSISSIPPI,210.97035028049703,Mathematics,4
2000,MISSOURI,228.55281380601502,Mathematics,4
2000,MONTANA,229.812004834534,Mathematics,4
2000,NEBRASKA,225.945335824734,Mathematics,4
2000,NEVADA,220.27486645014,Mathematics,4
2000,NEW_HAMPSHIRE,,Mathematics,4
2000,NEW_JERSEY,,Mathematics,4
2000,NEW_MEXICO,213.868300752056,Mathematics,4
2000,NEW_YORK,226.559060716282,Mathematics,4
2000,NORTH_CAROLINA,232.46306482817698,Mathematics,4
2000,NORTH_DAKOTA,230.892957801454,Mathematics,4
2000,OHIO,230.574216614128,Mathematics,4
2000,OKLAHOMA,225.04192223888302,Mathematics,4
2000,OREGON,226.62949114105203,Mathematics,4
2000,PENNSYLVANIA,,Mathematics,4
2000,RHODE_ISLAND,224.633857260814,Mathematics,4
2000,SOUTH_CAROLINA,220.417006234898,Mathematics,4
2000,SOUTH_DAKOTA,,Mathematics,4
2000,TENNESSEE,219.83558730332,Mathematics,4
2000,TEXAS,232.66602971637502,Mathematics,4
2000,UTAH,227.292673197294,Mathematics,4
2000,VERMONT,231.69773638279702,Mathematics,4
2000,VIRGINIA,230.39480892807998,Mathematics,4
2000,WASHINGTON,,Mathematics,4
2000,WEST_VIRGINIA,224.848298072233,Mathematics,4
2000,WISCONSIN,,Mathematics,4
2000,WYOMING,229.251922742069,Mathematics,4
1996,ALABAMA,211.646973546124,Mathematics,4
1996,ALASKA,223.83345456097598,Mathematics,4
1996,ARIZONA,217.575940481046,Mathematics,4
1996,ARKANSAS,215.84643599604198,Mathematics,4
1996,CALIFORNIA,209.12908267874698,Mathematics,4
1996,COLORADO,225.805857540771,Mathematics,4
1996,CONNECTICUT,232.02657385064,Mathematics,4
1996,DELAWARE,215.025101739945,Mathematics,4
1996,DISTRICT_OF_COLUMBIA,187.134669958413,Mathematics,4
1996,FLORIDA,215.763582637868,Mathematics,4
1996,GEORGIA,215.455861748735,Mathematics,4
1996,HAWAII,214.96556158973,Mathematics,4
1996,IDAHO,,Mathematics,4
1996,ILLINOIS,,Mathematics,4
1996,INDIANA,229.39444358509,Mathematics,4
1996,IOWA,229.12619839613498,Mathematics,4
1996,KANSAS,,Mathematics,4
1996,KENTUCKY,219.988194977368,Mathematics,4
1996,LOUISIANA,209.020670031591,Mathematics,4
1996,MAINE,232.20704454562,Mathematics,4
1996,MARYLAND,220.69496066923801,Mathematics,4
1996,MASSACHUSETTS,228.96640259421002,Mathematics,4
1996,MICHIGAN,226.25805638790797,Mathematics,4
1996,MINNESOTA,232.193088399935,Mathematics,4
1996,MISSISSIPPI,208.434118577159,Mathematics,4
1996,MISSOURI,224.734461780233,Mathematics,4
1996,MONTANA,227.51623614729,Mathematics,4
1996,NEBRASKA,227.54399272942402,Mathematics,4
1996,NEVADA,217.62261218492,Mathematics,4
1996,NEW_HAMPSHIRE,,Mathematics,4
1996,NEW_JERSEY,227.24016718489,Mathematics,4
1996,NEW_MEXICO,213.844024972342,Mathematics,4
1996,NEW_YORK,222.634058698567,Mathematics,4
1996,NORTH_CAROLINA,224.32512493822497,Mathematics,4
1996,NORTH_DAKOTA,230.904183161864,Mathematics,4
1996,OHIO,,Mathematics,4
1996,OKLAHOMA,,Mathematics,4
1996,OREGON,223.476164730433,Mathematics,4
1996,PENNSYLVANIA,226.21201467000802,Mathematics,4
1996,RHODE_ISLAND,220.41809391747898,Mathematics,4
1996,SOUTH_CAROLINA,213.194414923382,Mathematics,4
1996,SOUTH_DAKOTA,,Mathematics,4
1996,TENNESSEE,219.17624797698997,Mathematics,4
1996,TEXAS,228.712919803307,Mathematics,4
1996,UTAH,226.515841243447,Mathematics,4
1996,VERMONT,224.88106012534197,Mathematics,4
1996,VIRGINIA,222.64321299686,Mathematics,4
1996,WASHINGTON,225.05329812351798,Mathematics,4
1996,WEST_VIRGINIA,223.350132747101,Mathematics,4
1996,WISCONSIN,231.41185147962398,Mathematics,4
1996,WYOMING,223.196002932912,Mathematics,4
1992,ALABAMA,208.327875923738,Mathematics,4
1992,ALASKA,,Mathematics,4
1992,ARIZONA,215.2539320246,Mathematics,4
1992,ARKANSAS,210.20602809793,Mathematics,4
1992,CALIFORNIA,208.398960917183,Mathematics,4
1992,COLORADO,221.023429078871,Mathematics,4
1992,CONNECTICUT,226.79848003762402,Mathematics,4
1992,DELAWARE,217.899972448292,Mathematics,4
1992,DISTRICT_OF_COLUMBIA,192.60055314202802,Mathematics,4
1992,FLORIDA,213.68975116346803,Mathematics,4
1992,GEORGIA,215.594906163657,Mathematics,4
1992,HAWAII,214.056666073088,Mathematics,4
1992,IDAHO,221.56253448882998,Mathematics,4
1992,ILLINOIS,,Mathematics,4
1992,INDIANA,221.03774247419497,Mathematics,4
1992,IOWA,229.88407790241,Mathematics,4
1992,KANSAS,,Mathematics,4
1992,KENTUCKY,215.048157721324,Mathematics,4
1992,LOUISIANA,204.140211329176,Mathematics,4
1992,MAINE,231.63883993862498,Mathematics,4
1992,MARYLAND,217.31770793589902,Mathematics,4
1992,MASSACHUSETTS,226.59791777604198,Mathematics,4
1992,MICHIGAN,219.878352304218,Mathematics,4
1992,MINNESOTA,228.493596281064,Mathematics,4
1992,MISSISSIPPI,201.828261189784,Mathematics,4
1992,MISSOURI,222.21559976008098,Mathematics,4
1992,MONTANA,,Mathematics,4
1992,NEBRASKA,225.33264753313202,Mathematics,4
1992,NEVADA,,Mathematics,4
1992,NEW_HAMPSHIRE,229.664563843433,Mathematics,4
1992,NEW_JERSEY,227.14804704408903,Mathematics,4
1992,NEW_MEXICO,213.299089872535,Mathematics,4
1992,NEW_YORK,218.44553529257303,Mathematics,4
1992,NORTH_CAROLINA,212.884489891009,Mathematics,4
1992,NORTH_DAKOTA,228.66281534053903,Mathematics,4
1992,OHIO,218.711934884257,Mathematics,4
1992,OKLAHOMA,220.31980591536,Mathematics,4
1992,OREGON,,Mathematics,4
1992,PENNSYLVANIA,224.305731577843,Mathematics,4
1992,RHODE_ISLAND,215.449248153985,Mathematics,4
1992,SOUTH_CAROLINA,212.49671380608,Mathematics,4
1992,SOUTH_DAKOTA,,Mathematics,4
1992,TENNESSEE,210.948227412449,Mathematics,4
1992,TEXAS,217.918744453105,Mathematics,4
1992,UTAH,224.042247672311,Mathematics,4
1992,VERMONT,,Mathematics,4
1992,VIRGINIA,220.76296421573397,Mathematics,4
1992,WASHINGTON,,Mathematics,4
1992,WEST_VIRGINIA,215.268928423619,Mathematics,4
1992,WISCONSIN,228.692001118186,Mathematics,4
1992,WYOMING,225.377591635114,Mathematics,4
2017,ALABAMA,268.312020240893,Mathematics,8
2017,ALASKA,277.015571755108,Mathematics,8
2017,ARIZONA,282.248145284054,Mathematics,8
2017,ARKANSAS,273.75990725281,Mathematics,8
2017,CALIFORNIA,276.638200063835,Mathematics,8
2017,COLORADO,286.247717546748,Mathematics,8
2017,CONNECTICUT,284.144330330682,Mathematics,8
2017,DELAWARE,278.023498869959,Mathematics,8
2017,DISTRICT_OF_COLUMBIA,265.779770573735,Mathematics,8
2017,FLORIDA,279.120415156315,Mathematics,8
2017,GEORGIA,281.035487532394,Mathematics,8
2017,HAWAII,277.336845826814,Mathematics,8
2017,IDAHO,284.371732938877,Mathematics,8
2017,ILLINOIS,281.617997668016,Mathematics,8
2017,INDIANA,287.705639463898,Mathematics,8
2017,IOWA,286.239418158172,Mathematics,8
2017,KANSAS,285.283507884924,Mathematics,8
2017,KENTUCKY,277.714161796085,Mathematics,8
2017,LOUISIANA,266.50676028364103,Mathematics,8
2017,MAINE,284.00300734202204,Mathematics,8
2017,MARYLAND,280.910245611123,Mathematics,8
2017,MASSACHUSETTS,297.04222521080004,Mathematics,8
2017,MICHIGAN,279.50545469933604,Mathematics,8
2017,MINNESOTA,293.962375743927,Mathematics,8
2017,MISSISSIPPI,270.91490754267,Mathematics,8
2017,MISSOURI,280.596021606445,Mathematics,8
2017,MONTANA,285.600436850241,Mathematics,8
2017,NEBRASKA,288.405955332178,Mathematics,8
2017,NEVADA,275.36545551406897,Mathematics,8
2017,NEW_HAMPSHIRE,293.290654433387,Mathematics,8
2017,NEW_JERSEY,291.698552399307,Mathematics,8
2017,NEW_MEXICO,269.374084020303,Mathematics,8
2017,NEW_YORK,281.687999953596,Mathematics,8
2017,NORTH_CAROLINA,281.926028447068,Mathematics,8
2017,NORTH_DAKOTA,288.172322165675,Mathematics,8
2017,OHIO,287.714266317975,Mathematics,8
2017,OKLAHOMA,274.688883411113,Mathematics,8
2017,OREGON,282.173028442268,Mathematics,8
2017,PENNSYLVANIA,286.393832326288,Mathematics,8
2017,RHODE_ISLAND,277.180125645798,Mathematics,8
2017,SOUTH_CAROLINA,274.67382111862,Mathematics,8
2017,SOUTH_DAKOTA,286.376159534544,Mathematics,8
2017,TENNESSEE,278.77773546865103,Mathematics,8
2017,TEXAS,282.320510342396,Mathematics,8
2017,UTAH,286.816559110458,Mathematics,8
2017,VERMONT,287.62338824063,Mathematics,8
2017,VIRGINIA,290.08140742764704,Mathematics,8
2017,WASHINGTON,289.13125718319196,Mathematics,8
2017,WEST_VIRGINIA,273.415853633933,Mathematics,8
2017,WISCONSIN,288.14314431546904,Mathematics,8
2017,WYOMING,288.761811740442,Mathematics,8
2015,ALABAMA,266.555318518065,Mathematics,8
2015,ALASKA,280.493456179845,Mathematics,8
2015,ARIZONA,282.919489420654,Mathematics,8
2015,ARKANSAS,275.06475641246897,Mathematics,8
2015,CALIFORNIA,275.324573012154,Mathematics,8
2015,COLORADO,285.539188724412,Mathematics,8
2015,CONNECTICUT,283.956677264342,Mathematics,8
2015,DELAWARE,279.810243773994,Mathematics,8
2015,DISTRICT_OF_COLUMBIA,263.059776256545,Mathematics,8
2015,FLORIDA,275.32381795874903,Mathematics,8
2015,GEORGIA,278.711796774375,Mathematics,8
2015,HAWAII,279.340145034503,Mathematics,8
2015,IDAHO,283.742325345327,Mathematics,8
2015,ILLINOIS,281.968567276813,Mathematics,8
2015,INDIANA,287.175201077669,Mathematics,8
2015,IOWA,286.41621998599,Mathematics,8
2015,KANSAS,283.871096311731,Mathematics,8
2015,KENTUCKY,277.947260135803,Mathematics,8
2015,LOUISIANA,268.432355132751,Mathematics,8
2015,MAINE,284.875476957911,Mathematics,8
2015,MARYLAND,283.149034098785,Mathematics,8
2015,MASSACHUSETTS,296.908571436848,Mathematics,8
2015,MICHIGAN,278.168651923457,Mathematics,8
2015,MINNESOTA,294.147777973073,Mathematics,8
2015,MISSISSIPPI,270.580479347121,Mathematics,8
2015,MISSOURI,280.821425670635,Mathematics,8
2015,MONTANA,287.464005517244,Mathematics,8
2015,NEBRASKA,286.49856348622797,Mathematics,8
2015,NEVADA,275.171868843271,Mathematics,8
2015,NEW_HAMPSHIRE,294.413018726344,Mathematics,8
2015,NEW_JERSEY,293.36593817877,Mathematics,8
2015,NEW_MEXICO,270.897534405553,Mathematics,8
2015,NEW_YORK,280.089220069279,Mathematics,8
2015,NORTH_CAROLINA,281.331091062317,Mathematics,8
2015,NORTH_DAKOTA,288.244147214039,Mathematics,8
2015,OHIO,285.061955059169,Mathematics,8
2015,OKLAHOMA,274.58598213813997,Mathematics,8
2015,OREGON,282.81489935264597,Mathematics,8
2015,PENNSYLVANIA,283.66841544434897,Mathematics,8
2015,RHODE_ISLAND,281.445219579398,Mathematics,8
2015,SOUTH_CAROLINA,275.827866191395,Mathematics,8
2015,SOUTH_DAKOTA,284.64140569223997,Mathematics,8
2015,TENNESSEE,278.203380665353,Mathematics,8
2015,TEXAS,283.793540280437,Mathematics,8
2015,UTAH,286.116911188659,Mathematics,8
2015,VERMONT,290.355191159079,Mathematics,8
2015,VIRGINIA,287.70929867527803,Mathematics,8
2015,WASHINGTON,286.513107597489,Mathematics,8
2015,WEST_VIRGINIA,271.45070884715,Mathematics,8
2015,WISCONSIN,289.077749211995,Mathematics,8
2015,WYOMING,286.666547067471,Mathematics,8
2013,ALABAMA,269.194280616502,Mathematics,8
2013,ALASKA,281.559572836526,Mathematics,8
2013,ARIZONA,279.722267962505,Mathematics,8
2013,ARKANSAS,277.91480245625803,Mathematics,8
2013,CALIFORNIA,275.901350652197,Mathematics,8
2013,COLORADO,289.68180010957997,Mathematics,8
2013,CONNECTICUT,285.243972274119,Mathematics,8
2013,DELAWARE,282.338298596548,Mathematics,8
2013,DISTRICT_OF_COLUMBIA,265.259365712508,Mathematics,8
2013,FLORIDA,280.855839554008,Mathematics,8
2013,GEORGIA,279.179110912454,Mathematics,8
2013,HAWAII,281.41292228842497,Mathematics,8
2013,IDAHO,286.413881629757,Mathematics,8
2013,ILLINOIS,284.89764716416903,Mathematics,8
2013,INDIANA,287.767653833023,Mathematics,8
2013,IOWA,285.07013777479,Mathematics,8
2013,KANSAS,289.518256078135,Mathematics,8
2013,KENTUCKY,280.64544247634996,Mathematics,8
2013,LOUISIANA,272.76096647842604,Mathematics,8
2013,MAINE,288.73115973795603,Mathematics,8
2013,MARYLAND,286.641381102957,Mathematics,8
2013,MASSACHUSETTS,300.568235011147,Mathematics,8
2013,MICHIGAN,280.133597093752,Mathematics,8
2013,MINNESOTA,294.592972603507,Mathematics,8
2013,MISSISSIPPI,271.160967287249,Mathematics,8
2013,MISSOURI,282.988457911702,Mathematics,8
2013,MONTANA,289.228453008852,Mathematics,8
2013,NEBRASKA,285.061348473454,Mathematics,8
2013,NEVADA,278.28668090862004,Mathematics,8
2013,NEW_HAMPSHIRE,295.665123344221,Mathematics,8
2013,NEW_JERSEY,296.053351131027,Mathematics,8
2013,NEW_MEXICO,272.76180889422903,Mathematics,8
2013,NEW_YORK,281.807787831651,Mathematics,8
2013,NORTH_CAROLINA,285.645388424867,Mathematics,8
2013,NORTH_DAKOTA,290.515111260981,Mathematics,8
2013,OHIO,289.528096752185,Mathematics,8
2013,OKLAHOMA,275.50673202657697,Mathematics,8
2013,OREGON,283.524589064024,Mathematics,8
2013,PENNSYLVANIA,289.623651633339,Mathematics,8
2013,RHODE_ISLAND,284.092212214805,Mathematics,8
2013,SOUTH_CAROLINA,279.824608578537,Mathematics,8
2013,SOUTH_DAKOTA,287.270390625653,Mathematics,8
2013,TENNESSEE,277.720127269641,Mathematics,8
2013,TEXAS,288.198967599188,Mathematics,8
2013,UTAH,284.331486246838,Mathematics,8
2013,VERMONT,295.469562357463,Mathematics,8
2013,VIRGINIA,288.142959517699,Mathematics,8
2013,WASHINGTON,289.956988743835,Mathematics,8
2013,WEST_VIRGINIA,274.430134697899,Mathematics,8
2013,WISCONSIN,288.74578084165404,Mathematics,8
2013,WYOMING,288.119137263578,Mathematics,8
2011,ALABAMA,269.09651583719,Mathematics,8
2011,ALASKA,283.2727978671,Mathematics,8
2011,ARIZONA,279.033501713793,Mathematics,8
2011,ARKANSAS,279.088205018109,Mathematics,8
2011,CALIFORNIA,272.769803091291,Mathematics,8
2011,COLORADO,291.7426728709,Mathematics,8
2011,CONNECTICUT,286.999944694085,Mathematics,8
2011,DELAWARE,282.769966403216,Mathematics,8
2011,DISTRICT_OF_COLUMBIA,260.46687784992,Mathematics,8
2011,FLORIDA,277.837035214102,Mathematics,8
2011,GEORGIA,278.483619188656,Mathematics,8
2011,HAWAII,277.836211052583,Mathematics,8
2011,IDAHO,286.675063250389,Mathematics,8
2011,ILLINOIS,283.228134687939,Mathematics,8
2011,INDIANA,285.00291608665003,Mathematics,8
2011,IOWA,284.92083605870397,Mathematics,8
2011,KANSAS,289.61928267473996,Mathematics,8
2011,KENTUCKY,281.608809706829,Mathematics,8
2011,LOUISIANA,272.843333892634,Mathematics,8
2011,MAINE,288.73229763660197,Mathematics,8
2011,MARYLAND,287.997802255227,Mathematics,8
2011,MASSACHUSETTS,298.512431105164,Mathematics,8
2011,MICHIGAN,280.176517968298,Mathematics,8
2011,MINNESOTA,294.946422810345,Mathematics,8
2011,MISSISSIPPI,269.235645624753,Mathematics,8
2011,MISSOURI,281.947646246654,Mathematics,8
2011,MONTANA,292.907804277033,Mathematics,8
2011,NEBRASKA,283.197044839966,Mathematics,8
2011,NEVADA,278.113153726165,Mathematics,8
2011,NEW_HAMPSHIRE,292.10873973776,Mathematics,8
2011,NEW_JERSEY,294.138771366004,Mathematics,8
2011,NEW_MEXICO,274.454701456959,Mathematics,8
2011,NEW_YORK,280.45302609298597,Mathematics,8
2011,NORTH_CAROLINA,286.267028242857,Mathematics,8
2011,NORTH_DAKOTA,291.998404485775,Mathematics,8
2011,OHIO,288.602596832439,Mathematics,8
2011,OKLAHOMA,279.179608185009,Mathematics,8
2011,OREGON,282.518206779261,Mathematics,8
2011,PENNSYLVANIA,286.10274173594104,Mathematics,8
2011,RHODE_ISLAND,282.875659622898,Mathematics,8
2011,SOUTH_CAROLINA,281.000133716553,Mathematics,8
2011,SOUTH_DAKOTA,290.61519679044,Mathematics,8
2011,TENNESSEE,274.038710319906,Mathematics,8
2011,TEXAS,290.34670935526503,Mathematics,8
2011,UTAH,283.308332086503,Mathematics,8
2011,VERMONT,293.882577068531,Mathematics,8
2011,VIRGINIA,289.255411153431,Mathematics,8
2011,WASHINGTON,288.107761945489,Mathematics,8
2011,WEST_VIRGINIA,273.263173122564,Mathematics,8
2011,WISCONSIN,288.665932686223,Mathematics,8
2011,WYOMING,287.767926048951,Mathematics,8
2009,ALABAMA,268.524120315168,Mathematics,8
2009,ALASKA,283.047662800849,Mathematics,8
2009,ARIZONA,277.332281962623,Mathematics,8
2009,ARKANSAS,275.999499994013,Mathematics,8
2009,CALIFORNIA,270.448588146426,Mathematics,8
2009,COLORADO,287.372907515934,Mathematics,8
2009,CONNECTICUT,288.608513451696,Mathematics,8
2009,DELAWARE,283.829472979958,Mathematics,8
2009,DISTRICT_OF_COLUMBIA,253.595186871272,Mathematics,8
2009,FLORIDA,279.33526411278,Mathematics,8
2009,GEORGIA,277.561199732371,Mathematics,8
2009,HAWAII,273.758606683625,Mathematics,8
2009,IDAHO,287.305215052426,Mathematics,8
2009,ILLINOIS,282.43141699208803,Mathematics,8
2009,INDIANA,286.809977886735,Mathematics,8
2009,IOWA,284.170178554705,Mathematics,8
2009,KANSAS,288.596403041255,Mathematics,8
2009,KENTUCKY,279.284216093787,Mathematics,8
2009,LOUISIANA,272.379906697646,Mathematics,8
2009,MAINE,286.361425938805,Mathematics,8
2009,MARYLAND,288.341565298202,Mathematics,8
2009,MASSACHUSETTS,298.854346618482,Mathematics,8
2009,MICHIGAN,278.268168151681,Mathematics,8
2009,MINNESOTA,294.443320106986,Mathematics,8
2009,MISSISSIPPI,265.001958154729,Mathematics,8
2009,MISSOURI,285.808001946777,Mathematics,8
2009,MONTANA,291.542942879491,Mathematics,8
2009,NEBRASKA,284.259093531038,Mathematics,8
2009,NEVADA,274.148541684888,Mathematics,8
2009,NEW_HAMPSHIRE,292.321817220053,Mathematics,8
2009,NEW_JERSEY,292.657227109585,Mathematics,8
2009,NEW_MEXICO,269.704253797704,Mathematics,8
2009,NEW_YORK,282.576915418605,Mathematics,8
2009,NORTH_CAROLINA,284.332635252336,Mathematics,8
2009,NORTH_DAKOTA,292.842488544915,Mathematics,8
2009,OHIO,285.583013784517,Mathematics,8
2009,OKLAHOMA,275.711956830545,Mathematics,8
2009,OREGON,285.036814371216,Mathematics,8
2009,PENNSYLVANIA,288.30416892392503,Mathematics,8
2009,RHODE_ISLAND,277.92371937218996,Mathematics,8
2009,SOUTH_CAROLINA,280.380855413571,Mathematics,8
2009,SOUTH_DAKOTA,290.619127707892,Mathematics,8
2009,TENNESSEE,274.761821088186,Mathematics,8
2009,TEXAS,286.685076683873,Mathematics,8
2009,UTAH,284.068251870422,Mathematics,8
2009,VERMONT,292.866096352356,Mathematics,8
2009,VIRGINIA,286.069754986907,Mathematics,8
2009,WASHINGTON,288.722375608773,Mathematics,8
2009,WEST_VIRGINIA,270.415765915327,Mathematics,8
2009,WISCONSIN,288.140726236317,Mathematics,8
2009,WYOMING,286.10403398533,Mathematics,8
2007,ALABAMA,266.000109919931,Mathematics,8
2007,ALASKA,282.557154120707,Mathematics,8
2007,ARIZONA,275.548426408372,Mathematics,8
2007,ARKANSAS,273.89986215628,Mathematics,8
2007,CALIFORNIA,270.381784005669,Mathematics,8
2007,COLORADO,286.19275616634104,Mathematics,8
2007,CONNECTICUT,282.472790062009,Mathematics,8
2007,DELAWARE,282.992082743316,Mathematics,8
2007,DISTRICT_OF_COLUMBIA,248.198742417967,Mathematics,8
2007,FLORIDA,277.383497256758,Mathematics,8
2007,GEORGIA,274.778664644925,Mathematics,8
2007,HAWAII,268.77201335193297,Mathematics,8
2007,IDAHO,283.507595771493,Mathematics,8
2007,ILLINOIS,280.497096028329,Mathematics,8
2007,INDIANA,285.007210900174,Mathematics,8
2007,IOWA,285.226903146597,Mathematics,8
2007,KANSAS,290.03259982925704,Mathematics,8
2007,KENTUCKY,278.704749914375,Mathematics,8
2007,LOUISIANA,272.386299598469,Mathematics,8
2007,MAINE,286.47225311598703,Mathematics,8
2007,MARYLAND,285.734265236821,Mathematics,8
2007,MASSACHUSETTS,297.923344483955,Mathematics,8
2007,MICHIGAN,276.830517083696,Mathematics,8
2007,MINNESOTA,291.85111653854,Mathematics,8
2007,MISSISSIPPI,264.890918700127,Mathematics,8
2007,MISSOURI,280.619538285703,Mathematics,8
2007,MONTANA,287.07552895369497,Mathematics,8
2007,NEBRASKA,283.65059864617297,Mathematics,8
2007,NEVADA,270.80402437492296,Mathematics,8
2007,NEW_HAMPSHIRE,287.55706095499403,Mathematics,8
2007,NEW_JERSEY,288.583451449458,Mathematics,8
2007,NEW_MEXICO,267.53807866263304,Mathematics,8
2007,NEW_YORK,280.14117723747603,Mathematics,8
2007,NORTH_CAROLINA,283.880668759806,Mathematics,8
2007,NORTH_DAKOTA,291.561611918756,Mathematics,8
2007,OHIO,284.851639473941,Mathematics,8
2007,OKLAHOMA,274.534989354995,Mathematics,8
2007,OREGON,283.826277204194,Mathematics,8
2007,PENNSYLVANIA,286.16686332577,Mathematics,8
2007,RHODE_ISLAND,275.386990471622,Mathematics,8
2007,SOUTH_CAROLINA,281.50360148092096,Mathematics,8
2007,SOUTH_DAKOTA,288.463925271604,Mathematics,8
2007,TENNESSEE,273.978786623685,Mathematics,8
2007,TEXAS,285.870708420456,Mathematics,8
2007,UTAH,281.08747370552504,Mathematics,8
2007,VERMONT,291.010773791979,Mathematics,8
2007,VIRGINIA,287.62590496388196,Mathematics,8
2007,WASHINGTON,284.862804344983,Mathematics,8
2007,WEST_VIRGINIA,270.084093587271,Mathematics,8
2007,WISCONSIN,285.617942521924,Mathematics,8
2007,WYOMING,286.987771483089,Mathematics,8
2005,ALABAMA,262.211100048323,Mathematics,8
2005,ALASKA,278.958709394219,Mathematics,8
2005,ARIZONA,274.305090048274,Mathematics,8
2005,ARKANSAS,271.636348366415,Mathematics,8
2005,CALIFORNIA,268.558128581435,Mathematics,8
2005,COLORADO,280.824007310133,Mathematics,8
2005,CONNECTICUT,281.068953005311,Mathematics,8
2005,DELAWARE,280.95354283122003,Mathematics,8
2005,DISTRICT_OF_COLUMBIA,245.215780768922,Mathematics,8
2005,FLORIDA,274.04837689747995,Mathematics,8
2005,GEORGIA,272.191564411022,Mathematics,8
2005,HAWAII,265.629319114115,Mathematics,8
2005,IDAHO,280.966896649599,Mathematics,8
2005,ILLINOIS,277.672238913307,Mathematics,8
2005,INDIANA,281.714945536305,Mathematics,8
2005,IOWA,283.81092883167196,Mathematics,8
2005,KANSAS,284.030053484553,Mathematics,8
2005,KENTUCKY,273.983027164396,Mathematics,8
2005,LOUISIANA,267.755030846034,Mathematics,8
2005,MAINE,281.058540918142,Mathematics,8
2005,MARYLAND,277.930794576753,Mathematics,8
2005,MASSACHUSETTS,291.5135411152,Mathematics,8
2005,MICHIGAN,277.346681960374,Mathematics,8
2005,MINNESOTA,290.074995791089,Mathematics,8
2005,MISSISSIPPI,262.456242710419,Mathematics,8
2005,MISSOURI,276.44993926095003,Mathematics,8
2005,MONTANA,286.432001216413,Mathematics,8
2005,NEBRASKA,283.9629910353,Mathematics,8
2005,NEVADA,269.905585503685,Mathematics,8
2005,NEW_HAMPSHIRE,285.2533570362,Mathematics,8
2005,NEW_JERSEY,283.902604236295,Mathematics,8
2005,NEW_MEXICO,263.275162986677,Mathematics,8
2005,NEW_YORK,279.716253699868,Mathematics,8
2005,NORTH_CAROLINA,281.82513658657797,Mathematics,8
2005,NORTH_DAKOTA,286.960953441317,Mathematics,8
2005,OHIO,283.251774708647,Mathematics,8
2005,OKLAHOMA,271.35990240867903,Mathematics,8
2005,OREGON,282.237325362273,Mathematics,8
2005,PENNSYLVANIA,280.713835066326,Mathematics,8
2005,RHODE_ISLAND,272.345018074323,Mathematics,8
2005,SOUTH_CAROLINA,281.23432113535,Mathematics,8
2005,SOUTH_DAKOTA,287.303617983357,Mathematics,8
2005,TENNESSEE,270.524576784271,Mathematics,8
2005,TEXAS,281.10284504749296,Mathematics,8
2005,UTAH,279.15612342679196,Mathematics,8
2005,VERMONT,287.35648761684104,Mathematics,8
2005,VIRGINIA,284.371628221298,Mathematics,8
2005,WASHINGTON,285.052229728136,Mathematics,8
2005,WEST_VIRGINIA,269.099492803301,Mathematics,8
2005,WISCONSIN,284.541556582959,Mathematics,8
2005,WYOMING,282.10060959815496,Mathematics,8
2003,ALABAMA,261.939022225118,Mathematics,8
2003,ALASKA,279.02506986523105,Mathematics,8
2003,ARIZONA,271.177350478914,Mathematics,8
2003,ARKANSAS,265.77158934307596,Mathematics,8
2003,CALIFORNIA,267.049500585455,Mathematics,8
2003,COLORADO,283.399858481467,Mathematics,8
2003,CONNECTICUT,283.729811207579,Mathematics,8
2003,DELAWARE,277.158368932433,Mathematics,8
2003,DISTRICT_OF_COLUMBIA,243.05963824765098,Mathematics,8
2003,FLORIDA,271.371490239171,Mathematics,8
2003,GEORGIA,269.677009232403,Mathematics,8
2003,HAWAII,265.728581015081,Mathematics,8
2003,IDAHO,279.939266837246,Mathematics,8
2003,ILLINOIS,277.16008095632196,Mathematics,8
2003,INDIANA,281.220939756711,Mathematics,8
2003,IOWA,283.95334474435504,Mathematics,8
2003,KANSAS,284.19108805230303,Mathematics,8
2003,KENTUCKY,274.278472166639,Mathematics,8
2003,LOUISIANA,266.328359269062,Mathematics,8
2003,MAINE,281.903773320764,Mathematics,8
2003,MARYLAND,277.71611251073995,Mathematics,8
2003,MASSACHUSETTS,286.52069448017,Mathematics,8
2003,MICHIGAN,276.441861597672,Mathematics,8
2003,MINNESOTA,290.680055978624,Mathematics,8
2003,MISSISSIPPI,260.911933580199,Mathematics,8
2003,MISSOURI,278.766250348876,Mathematics,8
2003,MONTANA,285.928022552419,Mathematics,8
2003,NEBRASKA,282.19375596569597,Mathematics,8
2003,NEVADA,268.04313771367,Mathematics,8
2003,NEW_HAMPSHIRE,286.198468660005,Mathematics,8
2003,NEW_JERSEY,281.40711990453605,Mathematics,8
2003,NEW_MEXICO,263.27290665162496,Mathematics,8
2003,NEW_YORK,279.749257044273,Mathematics,8
2003,NORTH_CAROLINA,281.240350571106,Mathematics,8
2003,NORTH_DAKOTA,287.14464048292,Mathematics,8
2003,OHIO,281.607295379003,Mathematics,8
2003,OKLAHOMA,271.905151347835,Mathematics,8
2003,OREGON,280.892470910844,Mathematics,8
2003,PENNSYLVANIA,278.537758124922,Mathematics,8
2003,RHODE_ISLAND,271.998694378475,Mathematics,8
2003,SOUTH_CAROLINA,277.300449617316,Mathematics,8
2003,SOUTH_DAKOTA,284.881736383978,Mathematics,8
2003,TENNESSEE,268.175728562365,Mathematics,8
2003,TEXAS,277.052648954338,Mathematics,8
2003,UTAH,280.64536966117,Mathematics,8
2003,VERMONT,285.6455721843,Mathematics,8
2003,VIRGINIA,281.676643366069,Mathematics,8
2003,WASHINGTON,281.151364414263,Mathematics,8
2003,WEST_VIRGINIA,270.770353447282,Mathematics,8
2003,WISCONSIN,283.91586565449404,Mathematics,8
2003,WYOMING,283.50334994463,Mathematics,8
2000,ALABAMA,262.15820551985,Mathematics,8
2000,ALASKA,,Mathematics,8
2000,ARIZONA,270.715405900397,Mathematics,8
2000,ARKANSAS,261.363712665471,Mathematics,8
2000,CALIFORNIA,262.171026590943,Mathematics,8
2000,COLORADO,,Mathematics,8
2000,CONNECTICUT,281.902485561834,Mathematics,8
2000,DELAWARE,,Mathematics,8
2000,DISTRICT_OF_COLUMBIA,234.428798057957,Mathematics,8
2000,FLORIDA,,Mathematics,8
2000,GEORGIA,266.332047317995,Mathematics,8
2000,HAWAII,262.772560543574,Mathematics,8
2000,IDAHO,277.917913542907,Mathematics,8
2000,ILLINOIS,276.909459049332,Mathematics,8
2000,INDIANA,283.05122925517503,Mathematics,8
2000,IOWA,,Mathematics,8
2000,KANSAS,283.679619149647,Mathematics,8
2000,KENTUCKY,271.561511404378,Mathematics,8
2000,LOUISIANA,258.98200182432004,Mathematics,8
2000,MAINE,283.641703580061,Mathematics,8
2000,MARYLAND,276.014360058913,Mathematics,8
2000,MASSACHUSETTS,283.123245551255,Mathematics,8
2000,MICHIGAN,278.452666707407,Mathematics,8
2000,MINNESOTA,287.651942187297,Mathematics,8
2000,MISSISSIPPI,254.033900269054,Mathematics,8
2000,MISSOURI,273.575780410819,Mathematics,8
2000,MONTANA,286.584607021488,Mathematics,8
2000,NEBRASKA,280.618068695496,Mathematics,8
2000,NEVADA,268.18159911998,Mathematics,8
2000,NEW_HAMPSHIRE,,Mathematics,8
2000,NEW_JERSEY,,Mathematics,8
2000,NEW_MEXICO,259.844673042444,Mathematics,8
2000,NEW_YORK,276.262858771617,Mathematics,8
2000,NORTH_CAROLINA,280.127947198885,Mathematics,8
2000,NORTH_DAKOTA,283.073844051673,Mathematics,8
2000,OHIO,282.672753528445,Mathematics,8
2000,OKLAHOMA,271.645793898218,Mathematics,8
2000,OREGON,280.640222797324,Mathematics,8
2000,PENNSYLVANIA,,Mathematics,8
2000,RHODE_ISLAND,273.425785095558,Mathematics,8
2000,SOUTH_CAROLINA,266.35369952528197,Mathematics,8
2000,SOUTH_DAKOTA,,Mathematics,8
2000,TENNESSEE,263.436599688201,Mathematics,8
2000,TEXAS,274.846015943346,Mathematics,8
2000,UTAH,275.436709934551,Mathematics,8
2000,VERMONT,283.408381447859,Mathematics,8
2000,VIRGINIA,276.674991537432,Mathematics,8
2000,WASHINGTON,,Mathematics,8
2000,WEST_VIRGINIA,270.78007629135504,Mathematics,8
2000,WISCONSIN,,Mathematics,8
2000,WYOMING,276.68998034322004,Mathematics,8
1996,ALABAMA,256.594863207309,Mathematics,8
1996,ALASKA,277.643071449619,Mathematics,8
1996,ARIZONA,267.874834337364,Mathematics,8
1996,ARKANSAS,261.652745252938,Mathematics,8
1996,CALIFORNIA,262.772478440845,Mathematics,8
1996,COLORADO,275.608214245213,Mathematics,8
1996,CONNECTICUT,279.591244854912,Mathematics,8
1996,DELAWARE,266.733673323772,Mathematics,8
1996,DISTRICT_OF_COLUMBIA,232.831509532896,Mathematics,8
1996,FLORIDA,263.63939360129797,Mathematics,8
1996,GEORGIA,262.466020943521,Mathematics,8
1996,HAWAII,262.130081659249,Mathematics,8
1996,IDAHO,,Mathematics,8
1996,ILLINOIS,,Mathematics,8
1996,INDIANA,275.52903680476396,Mathematics,8
1996,IOWA,283.986368602787,Mathematics,8
1996,KANSAS,,Mathematics,8
1996,KENTUCKY,266.591684017917,Mathematics,8
1996,LOUISIANA,252.38039469873698,Mathematics,8
1996,MAINE,284.059857433683,Mathematics,8
1996,MARYLAND,269.681431438747,Mathematics,8
1996,MASSACHUSETTS,277.565642048853,Mathematics,8
1996,MICHIGAN,276.866078248355,Mathematics,8
1996,MINNESOTA,284.048944634206,Mathematics,8
1996,MISSISSIPPI,250.215489081725,Mathematics,8
1996,MISSOURI,273.284887242559,Mathematics,8
1996,MONTANA,283.003869962468,Mathematics,8
1996,NEBRASKA,282.76960686188204,Mathematics,8
1996,NEVADA,,Mathematics,8
1996,NEW_HAMPSHIRE,,Mathematics,8
1996,NEW_JERSEY,,Mathematics,8
1996,NEW_MEXICO,261.970366722903,Mathematics,8
1996,NEW_YORK,270.23148604297796,Mathematics,8
1996,NORTH_CAROLINA,267.834560282947,Mathematics,8
1996,NORTH_DAKOTA,284.222267982804,Mathematics,8
1996,OHIO,,Mathematics,8
1996,OKLAHOMA,,Mathematics,8
1996,OREGON,276.341513193468,Mathematics,8
1996,PENNSYLVANIA,,Mathematics,8
1996,RHODE_ISLAND,268.87730812505197,Mathematics,8
1996,SOUTH_CAROLINA,260.77544755056,Mathematics,8
1996,SOUTH_DAKOTA,,Mathematics,8
1996,TENNESSEE,263.118935026706,Mathematics,8
1996,TEXAS,270.1995775601,Mathematics,8
1996,UTAH,276.77310580851,Mathematics,8
1996,VERMONT,279.253243011267,Mathematics,8
1996,VIRGINIA,269.754404714393,Mathematics,8
1996,WASHINGTON,276.11711956326803,Mathematics,8
1996,WEST_VIRGINIA,264.865205444032,Mathematics,8
1996,WISCONSIN,282.848741719953,Mathematics,8
1996,WYOMING,274.77894697866697,Mathematics,8
1992,ALABAMA,252.18752241295,Mathematics,8
1992,ALASKA,,Mathematics,8
1992,ARIZONA,265.366277794427,Mathematics,8
1992,ARKANSAS,256.312090419091,Mathematics,8
1992,CALIFORNIA,260.89224682207004,Mathematics,8
1992,COLORADO,272.398432913929,Mathematics,8
1992,CONNECTICUT,273.739344572132,Mathematics,8
1992,DELAWARE,262.868585398892,Mathematics,8
1992,DISTRICT_OF_COLUMBIA,234.924621328025,Mathematics,8
1992,FLORIDA,259.90884818230097,Mathematics,8
1992,GEORGIA,259.359433593101,Mathematics,8
1992,HAWAII,257.41088740917303,Mathematics,8
1992,IDAHO,275.09029414145,Mathematics,8
1992,ILLINOIS,,Mathematics,8
1992,INDIANA,270.098943937619,Mathematics,8
1992,IOWA,283.360009038918,Mathematics,8
1992,KANSAS,,Mathematics,8
1992,KENTUCKY,262.241281641376,Mathematics,8
1992,LOUISIANA,249.98392592402,Mathematics,8
1992,MAINE,278.635384117375,Mathematics,8
1992,MARYLAND,264.82549311365,Mathematics,8
1992,MASSACHUSETTS,272.783201271176,Mathematics,8
1992,MICHIGAN,267.353194329414,Mathematics,8
1992,MINNESOTA,282.392204641658,Mathematics,8
1992,MISSISSIPPI,246.458035433033,Mathematics,8
1992,MISSOURI,271.131544740125,Mathematics,8
1992,MONTANA,,Mathematics,8
1992,NEBRASKA,277.654523381042,Mathematics,8
1992,NEVADA,,Mathematics,8
1992,NEW_HAMPSHIRE,278.216325585348,Mathematics,8
1992,NEW_JERSEY,271.90556119235697,Mathematics,8
1992,NEW_MEXICO,259.606717651222,Mathematics,8
1992,NEW_YORK,266.422300096356,Mathematics,8
1992,NORTH_CAROLINA,258.405374807984,Mathematics,8
1992,NORTH_DAKOTA,283.213074712775,Mathematics,8
1992,OHIO,268.124197827471,Mathematics,8
1992,OKLAHOMA,268.131989632929,Mathematics,8
1992,OREGON,,Mathematics,8
1992,PENNSYLVANIA,271.378438779246,Mathematics,8
1992,RHODE_ISLAND,265.907109115823,Mathematics,8
1992,SOUTH_CAROLINA,260.77254399911,Mathematics,8
1992,SOUTH_DAKOTA,,Mathematics,8
1992,TENNESSEE,258.828048116901,Mathematics,8
1992,TEXAS,264.592828381905,Mathematics,8
1992,UTAH,274.343177142075,Mathematics,8
1992,VERMONT,,Mathematics,8
1992,VIRGINIA,267.863726281842,Mathematics,8
1992,WASHINGTON,,Mathematics,8
1992,WEST_VIRGINIA,259.08644839191896,Mathematics,8
1992,WISCONSIN,277.879134613647,Mathematics,8
1992,WYOMING,275.080076053804,Mathematics,8
1990,ALABAMA,252.863659941877,Mathematics,8
1990,ALASKA,,Mathematics,8
1990,ARIZONA,259.59006758821204,Mathematics,8
1990,ARKANSAS,256.213990069438,Mathematics,8
1990,CALIFORNIA,256.32482010922297,Mathematics,8
1990,COLORADO,267.366289884072,Mathematics,8
1990,CONNECTICUT,269.86641896965,Mathematics,8
1990,DELAWARE,260.696858717319,Mathematics,8
1990,DISTRICT_OF_COLUMBIA,231.366196651827,Mathematics,8
1990,FLORIDA,255.31842870904399,Mathematics,8
1990,GEORGIA,258.849663447908,Mathematics,8
1990,HAWAII,251.021316528152,Mathematics,8
1990,IDAHO,271.44977262326,Mathematics,8
1990,ILLINOIS,260.551434334685,Mathematics,8
1990,INDIANA,267.265914915861,Mathematics,8
1990,IOWA,277.96856952118,Mathematics,8
1990,KANSAS,,Mathematics,8
1990,KENTUCKY,257.097205859974,Mathematics,8
1990,LOUISIANA,246.442552990899,Mathematics,8
1990,MAINE,,Mathematics,8
1990,MARYLAND,260.765590209676,Mathematics,8
1990,MASSACHUSETTS,,Mathematics,8
1990,MICHIGAN,264.398378104696,Mathematics,8
1990,MINNESOTA,275.391078977074,Mathematics,8
1990,MISSISSIPPI,,Mathematics,8
1990,MISSOURI,,Mathematics,8
1990,MONTANA,280.497342352668,Mathematics,8
1990,NEBRASKA,275.673962105345,Mathematics,8
1990,NEVADA,,Mathematics,8
1990,NEW_HAMPSHIRE,273.147248796745,Mathematics,8
1990,NEW_JERSEY,269.664075949166,Mathematics,8
1990,NEW_MEXICO,256.422988469222,Mathematics,8
1990,NEW_YORK,260.795812629884,Mathematics,8
1990,NORTH_CAROLINA,250.348487219657,Mathematics,8
1990,NORTH_DAKOTA,281.100428162171,Mathematics,8
1990,OHIO,263.974499317898,Mathematics,8
1990,OKLAHOMA,263.178474756633,Mathematics,8
1990,OREGON,271.36249421322003,Mathematics,8
1990,PENNSYLVANIA,266.363944697031,Mathematics,8
1990,RHODE_ISLAND,260.040897221955,Mathematics,8
1990,SOUTH_CAROLINA,,Mathematics,8
1990,SOUTH_DAKOTA,,Mathematics,8
1990,TENNESSEE,,Mathematics,8
1990,TEXAS,258.189986920895,Mathematics,8
1990,UTAH,,Mathematics,8
1990,VERMONT,,Mathematics,8
1990,VIRGINIA,264.273011342894,Mathematics,8
1990,WASHINGTON,,Mathematics,8
1990,WEST_VIRGINIA,255.899060067677,Mathematics,8
1990,WISCONSIN,274.487372277466,Mathematics,8
1990,WYOMING,272.147965478912,Mathematics,8
2017,ALABAMA,216.41981353101102,Reading,4
2017,ALASKA,207.03763011579701,Reading,4
2017,ARIZONA,215.46595194467602,Reading,4
2017,ARKANSAS,216.108025728181,Reading,4
2017,CALIFORNIA,215.421814242133,Reading,4
2017,COLORADO,224.691618694193,Reading,4
2017,CONNECTICUT,228.35531240737004,Reading,4
2017,DELAWARE,221.482217417377,Reading,4
2017,DISTRICT_OF_COLUMBIA,213.38200876623299,Reading,4
2017,FLORIDA,228.27262205238202,Reading,4
2017,GEORGIA,219.682925180546,Reading,4
2017,HAWAII,216.364536553619,Reading,4
2017,IDAHO,222.791065689088,Reading,4
2017,ILLINOIS,220.365898453327,Reading,4
2017,INDIANA,226.417994745998,Reading,4
2017,IOWA,221.74726754679,Reading,4
2017,KANSAS,223.268429173451,Reading,4
2017,KENTUCKY,224.08058529007099,Reading,4
2017,LOUISIANA,211.60052787486802,Reading,4
2017,MAINE,221.388602644001,Reading,4
2017,MARYLAND,225.04933454893998,Reading,4
2017,MASSACHUSETTS,235.699696767687,Reading,4
2017,MICHIGAN,217.75324201319302,Reading,4
2017,MINNESOTA,224.538513441395,Reading,4
2017,MISSISSIPPI,215.203305690064,Reading,4
2017,MISSOURI,222.68108112812197,Reading,4
2017,MONTANA,222.326721838733,Reading,4
2017,NEBRASKA,224.096224936306,Reading,4
2017,NEVADA,214.84169616634603,Reading,4
2017,NEW_HAMPSHIRE,228.900649270634,Reading,4
2017,NEW_JERSEY,232.943318467524,Reading,4
2017,NEW_MEXICO,207.704353543603,Reading,4
2017,NEW_YORK,221.884015359739,Reading,4
2017,NORTH_CAROLINA,223.930906236334,Reading,4
2017,NORTH_DAKOTA,221.519265852407,Reading,4
2017,OHIO,225.26113810743198,Reading,4
2017,OKLAHOMA,216.58777517172902,Reading,4
2017,OREGON,217.53107296386798,Reading,4
2017,PENNSYLVANIA,224.924702323396,Reading,4
2017,RHODE_ISLAND,223.353442679692,Reading,4
2017,SOUTH_CAROLINA,213.127835391026,Reading,4
2017,SOUTH_DAKOTA,221.750122908674,Reading,4
2017,TENNESSEE,218.95279711768399,Reading,4
2017,TEXAS,214.87849345961,Reading,4
2017,UTAH,225.159172916822,Reading,4
2017,VERMONT,226.445343411035,Reading,4
2017,VIRGINIA,227.598382221255,Reading,4
2017,WASHINGTON,223.123408781764,Reading,4
2017,WEST_VIRGINIA,217.31639617381802,Reading,4
2017,WISCONSIN,219.612694271246,Reading,4
2017,WYOMING,226.83121099577002,Reading,4
2015,ALABAMA,217.049089788052,Reading,4
2015,ALASKA,212.792600219066,Reading,4
2015,ARIZONA,215.311336461445,Reading,4
2015,ARKANSAS,218.077496215637,Reading,4
2015,CALIFORNIA,212.677948539849,Reading,4
2015,COLORADO,224.023224923274,Reading,4
2015,CONNECTICUT,228.947543364196,Reading,4
2015,DELAWARE,223.69869684708098,Reading,4
2015,DISTRICT_OF_COLUMBIA,212.305347670353,Reading,4
2015,FLORIDA,227.188968975009,Reading,4
2015,GEORGIA,222.013497271819,Reading,4
2015,HAWAII,215.124313046421,Reading,4
2015,IDAHO,221.69006616565898,Reading,4
2015,ILLINOIS,222.02226769547298,Reading,4
2015,INDIANA,227.278891330949,Reading,4
2015,IOWA,223.62939884096,Reading,4
2015,KANSAS,221.08988042430698,Reading,4
2015,KENTUCKY,228.05516833276198,Reading,4
2015,LOUISIANA,216.199337216284,Reading,4
2015,MAINE,223.728607946102,Reading,4
2015,MARYLAND,222.944189619399,Reading,4
2015,MASSACHUSETTS,235.27542341878998,Reading,4
2015,MICHIGAN,216.306630194926,Reading,4
2015,MINNESOTA,223.352919981062,Reading,4
2015,MISSISSIPPI,214.110686915211,Reading,4
2015,MISSOURI,222.72551679114,Reading,4
2015,MONTANA,224.757393529067,Reading,4
2015,NEBRASKA,226.634610885937,Reading,4
2015,NEVADA,214.425584466776,Reading,4
2015,NEW_HAMPSHIRE,231.94984764811198,Reading,4
2015,NEW_JERSEY,229.487674441138,Reading,4
2015,NEW_MEXICO,207.24044637637698,Reading,4
2015,NEW_YORK,222.64630319770302,Reading,4
2015,NORTH_CAROLINA,225.810590900179,Reading,4
2015,NORTH_DAKOTA,224.69198435116002,Reading,4
2015,OHIO,224.930419714072,Reading,4
2015,OKLAHOMA,221.830510126344,Reading,4
2015,OREGON,220.222719958397,Reading,4
2015,PENNSYLVANIA,226.670774068,Reading,4
2015,RHODE_ISLAND,225.485536668854,Reading,4
2015,SOUTH_CAROLINA,217.969676534277,Reading,4
2015,SOUTH_DAKOTA,220.469524583778,Reading,4
2015,TENNESSEE,218.61326439370097,Reading,4
2015,TEXAS,217.942913018264,Reading,4
2015,UTAH,226.14307488268398,Reading,4
2015,VERMONT,230.098616569303,Reading,4
2015,VIRGINIA,228.97125501022703,Reading,4
2015,WASHINGTON,225.89288905903098,Reading,4
2015,WEST_VIRGINIA,216.25328788386398,Reading,4
2015,WISCONSIN,223.35635551293498,Reading,4
2015,WYOMING,228.160802772906,Reading,4
2013,ALABAMA,218.57595339188,Reading,4
2013,ALASKA,209.347288173954,Reading,4
2013,ARIZONA,213.13413148086602,Reading,4
2013,ARKANSAS,218.523885266815,Reading,4
2013,CALIFORNIA,212.54596789306302,Reading,4
2013,COLORADO,226.663219629357,Reading,4
2013,CONNECTICUT,229.58159936534,Reading,4
2013,DELAWARE,225.77165116252002,Reading,4
2013,DISTRICT_OF_COLUMBIA,205.613936927868,Reading,4
2013,FLORIDA,227.46317661052,Reading,4
2013,GEORGIA,221.83671251456798,Reading,4
2013,HAWAII,214.843879930676,Reading,4
2013,IDAHO,219.30298595179198,Reading,4
2013,ILLINOIS,218.540183872207,Reading,4
2013,INDIANA,225.33234084693902,Reading,4
2013,IOWA,223.81580463461103,Reading,4
2013,KANSAS,223.386368779104,Reading,4
2013,KENTUCKY,224.427540486587,Reading,4
2013,LOUISIANA,210.45496322432098,Reading,4
2013,MAINE,224.83328901991797,Reading,4
2013,MARYLAND,232.05597314742198,Reading,4
2013,MASSACHUSETTS,232.37315597277302,Reading,4
2013,MICHIGAN,217.36516772931998,Reading,4
2013,MINNESOTA,227.030741772012,Reading,4
2013,MISSISSIPPI,208.518536453726,Reading,4
2013,MISSOURI,222.33418590941602,Reading,4
2013,MONTANA,222.982749322942,Reading,4
2013,NEBRASKA,223.252785111637,Reading,4
2013,NEVADA,213.75531361813802,Reading,4
2013,NEW_HAMPSHIRE,231.998366395397,Reading,4
2013,NEW_JERSEY,228.71974406764198,Reading,4
2013,NEW_MEXICO,205.756405354204,Reading,4
2013,NEW_YORK,223.81336257733997,Reading,4
2013,NORTH_CAROLINA,222.227715159886,Reading,4
2013,NORTH_DAKOTA,224.08338500152198,Reading,4
2013,OHIO,223.88774613674198,Reading,4
2013,OKLAHOMA,216.988876495215,Reading,4
2013,OREGON,219.132674237737,Reading,4
2013,PENNSYLVANIA,226.40232361222098,Reading,4
2013,RHODE_ISLAND,222.80223975373198,Reading,4
2013,SOUTH_CAROLINA,213.64654387011,Reading,4
2013,SOUTH_DAKOTA,217.930744868492,Reading,4
2013,TENNESSEE,219.735394665222,Reading,4
2013,TEXAS,216.909597076471,Reading,4
2013,UTAH,222.767635531589,Reading,4
2013,VERMONT,227.98651907652697,Reading,4
2013,VIRGINIA,228.555737669337,Reading,4
2013,WASHINGTON,225.048863335833,Reading,4
2013,WEST_VIRGINIA,214.663401291545,Reading,4
2013,WISCONSIN,220.818103448031,Reading,4
2013,WYOMING,225.84897495660198,Reading,4
2011,ALABAMA,220.273413326721,Reading,4
2011,ALASKA,207.92369589694,Reading,4
2011,ARIZONA,212.395049942915,Reading,4
2011,ARKANSAS,216.51486397474997,Reading,4
2011,CALIFORNIA,211.35863599994,Reading,4
2011,COLORADO,223.43384362777198,Reading,4
2011,CONNECTICUT,227.42730425383598,Reading,4
2011,DELAWARE,225.13051109460702,Reading,4
2011,DISTRICT_OF_COLUMBIA,200.627987932281,Reading,4
2011,FLORIDA,224.528585389604,Reading,4
2011,GEORGIA,220.810720110917,Reading,4
2011,HAWAII,213.61457117423,Reading,4
2011,IDAHO,220.82977062233996,Reading,4
2011,ILLINOIS,219.35749825998798,Reading,4
2011,INDIANA,220.731342685885,Reading,4
2011,IOWA,220.70744695489498,Reading,4
2011,KANSAS,223.565091158237,Reading,4
2011,KENTUCKY,225.13506287332996,Reading,4
2011,LOUISIANA,210.410726308503,Reading,4
2011,MAINE,222.03733220763698,Reading,4
2011,MARYLAND,230.78284121169602,Reading,4
2011,MASSACHUSETTS,236.773866580369,Reading,4
2011,MICHIGAN,218.860810368135,Reading,4
2011,MINNESOTA,222.30867236980401,Reading,4
2011,MISSISSIPPI,209.18802012976502,Reading,4
2011,MISSOURI,220.346171042259,Reading,4
2011,MONTANA,225.144216219664,Reading,4
2011,NEBRASKA,223.311726013091,Reading,4
2011,NEVADA,212.575191683097,Reading,4
2011,NEW_HAMPSHIRE,230.392676367953,Reading,4
2011,NEW_JERSEY,231.23762972371003,Reading,4
2011,NEW_MEXICO,208.01411935219,Reading,4
2011,NEW_YORK,222.49381094408798,Reading,4
2011,NORTH_CAROLINA,221.356963571717,Reading,4
2011,NORTH_DAKOTA,225.57752634611,Reading,4
2011,OHIO,223.82821391211002,Reading,4
2011,OKLAHOMA,215.47758572983398,Reading,4
2011,OREGON,216.44015438168898,Reading,4
2011,PENNSYLVANIA,227.23646319431,Reading,4
2011,RHODE_ISLAND,222.481596913528,Reading,4
2011,SOUTH_CAROLINA,214.899808914466,Reading,4
2011,SOUTH_DAKOTA,219.814446299081,Reading,4
2011,TENNESSEE,214.640214936919,Reading,4
2011,TEXAS,218.320844616792,Reading,4
2011,UTAH,220.41603448313703,Reading,4
2011,VERMONT,226.771642682085,Reading,4
2011,VIRGINIA,226.37843469423998,Reading,4
2011,WASHINGTON,220.52878797215598,Reading,4
2011,WEST_VIRGINIA,214.386024190084,Reading,4
2011,WISCONSIN,221.23990687237202,Reading,4
2011,WYOMING,224.062278090794,Reading,4
2009,ALABAMA,216.273355869774,Reading,4
2009,ALASKA,211.127368273139,Reading,4
2009,ARIZONA,209.989269506089,Reading,4
2009,ARKANSAS,216.15158139298802,Reading,4
2009,CALIFORNIA,209.762405377999,Reading,4
2009,COLORADO,225.69664059033198,Reading,4
2009,CONNECTICUT,228.97211669940899,Reading,4
2009,DELAWARE,225.513086784412,Reading,4
2009,DISTRICT_OF_COLUMBIA,201.984637739722,Reading,4
2009,FLORIDA,225.67340734479401,Reading,4
2009,GEORGIA,217.84810573368802,Reading,4
2009,HAWAII,210.61641868593998,Reading,4
2009,IDAHO,221.022924421352,Reading,4
2009,ILLINOIS,219.16577996227002,Reading,4
2009,INDIANA,222.659480848241,Reading,4
2009,IOWA,221.422298113147,Reading,4
2009,KANSAS,223.924213283757,Reading,4
2009,KENTUCKY,225.606242400736,Reading,4
2009,LOUISIANA,207.48613716309399,Reading,4
2009,MAINE,223.790428000088,Reading,4
2009,MARYLAND,226.047783920533,Reading,4
2009,MASSACHUSETTS,233.749463106304,Reading,4
2009,MICHIGAN,218.23555034441898,Reading,4
2009,MINNESOTA,223.336661773101,Reading,4
2009,MISSISSIPPI,210.50651753667802,Reading,4
2009,MISSOURI,223.84235777869597,Reading,4
2009,MONTANA,224.651750127955,Reading,4
2009,NEBRASKA,222.523307331545,Reading,4
2009,NEVADA,211.140588986901,Reading,4
2009,NEW_HAMPSHIRE,229.144520432665,Reading,4
2009,NEW_JERSEY,229.394486392659,Reading,4
2009,NEW_MEXICO,207.645730781769,Reading,4
2009,NEW_YORK,224.36874884831101,Reading,4
2009,NORTH_CAROLINA,219.296045907462,Reading,4
2009,NORTH_DAKOTA,225.967471901352,Reading,4
2009,OHIO,224.532178118541,Reading,4
2009,OKLAHOMA,217.19062755925302,Reading,4
2009,OREGON,218.142340516871,Reading,4
2009,PENNSYLVANIA,223.67943988465802,Reading,4
2009,RHODE_ISLAND,222.704885161548,Reading,4
2009,SOUTH_CAROLINA,215.942298236521,Reading,4
2009,SOUTH_DAKOTA,222.166592778336,Reading,4
2009,TENNESSEE,216.737811108148,Reading,4
2009,TEXAS,218.858272374458,Reading,4
2009,UTAH,219.204130166973,Reading,4
2009,VERMONT,228.735783571246,Reading,4
2009,VIRGINIA,226.52756797670398,Reading,4
2009,WASHINGTON,221.330110400417,Reading,4
2009,WEST_VIRGINIA,214.520200208315,Reading,4
2009,WISCONSIN,220.135540597472,Reading,4
2009,WYOMING,222.65219632999901,Reading,4
2007,ALABAMA,216.38895388448998,Reading,4
2007,ALASKA,214.476954408027,Reading,4
2007,ARIZONA,209.520624281702,Reading,4
2007,ARKANSAS,217.027817745061,Reading,4
2007,CALIFORNIA,208.52218596154998,Reading,4
2007,COLORADO,223.73265289646199,Reading,4
2007,CONNECTICUT,227.203649213779,Reading,4
2007,DELAWARE,225.07054230184897,Reading,4
2007,DISTRICT_OF_COLUMBIA,197.08595039547401,Reading,4
2007,FLORIDA,223.534926816656,Reading,4
2007,GEORGIA,218.888171260588,Reading,4
2007,HAWAII,213.496554967804,Reading,4
2007,IDAHO,223.404065315834,Reading,4
2007,ILLINOIS,219.386811378061,Reading,4
2007,INDIANA,221.673092302826,Reading,4
2007,IOWA,224.89479538694698,Reading,4
2007,KANSAS,224.65836220092098,Reading,4
2007,KENTUCKY,222.432314246177,Reading,4
2007,LOUISIANA,207.40680552969897,Reading,4
2007,MAINE,225.54404578474097,Reading,4
2007,MARYLAND,224.78126512650798,Reading,4
2007,MASSACHUSETTS,235.753462061818,Reading,4
2007,MICHIGAN,220.11845283265,Reading,4
2007,MINNESOTA,224.917004310155,Reading,4
2007,MISSISSIPPI,207.809518812675,Reading,4
2007,MISSOURI,220.776827870135,Reading,4
2007,MONTANA,226.66653258748403,Reading,4
2007,NEBRASKA,222.902554305927,Reading,4
2007,NEVADA,210.819009123413,Reading,4
2007,NEW_HAMPSHIRE,229.01717335240897,Reading,4
2007,NEW_JERSEY,230.64697200837998,Reading,4
2007,NEW_MEXICO,211.631884615174,Reading,4
2007,NEW_YORK,223.75202728955898,Reading,4
2007,NORTH_CAROLINA,217.934042613497,Reading,4
2007,NORTH_DAKOTA,226.325481086957,Reading,4
2007,OHIO,225.666987806902,Reading,4
2007,OKLAHOMA,216.955654036521,Reading,4
2007,OREGON,215.01732344376998,Reading,4
2007,PENNSYLVANIA,226.353658210298,Reading,4
2007,RHODE_ISLAND,218.761444851879,Reading,4
2007,SOUTH_CAROLINA,213.836527211386,Reading,4
2007,SOUTH_DAKOTA,223.39852668799702,Reading,4
2007,TENNESSEE,215.749268590355,Reading,4
2007,TEXAS,219.60431305031602,Reading,4
2007,UTAH,221.26142812873903,Reading,4
2007,VERMONT,228.248538219188,Reading,4
2007,VIRGINIA,227.13672485221198,Reading,4
2007,WASHINGTON,223.999336825378,Reading,4
2007,WEST_VIRGINIA,215.13055545931098,Reading,4
2007,WISCONSIN,223.31800981087602,Reading,4
2007,WYOMING,225.289483281059,Reading,4
2005,ALABAMA,207.75203301297,Reading,4
2005,ALASKA,211.06131857044997,Reading,4
2005,ARIZONA,207.14273663584,Reading,4
2005,ARKANSAS,217.071528896937,Reading,4
2005,CALIFORNIA,206.512026480797,Reading,4
2005,COLORADO,223.65613000374802,Reading,4
2005,CONNECTICUT,225.753019686927,Reading,4
2005,DELAWARE,225.83845909292003,Reading,4
2005,DISTRICT_OF_COLUMBIA,190.78735568684,Reading,4
2005,FLORIDA,219.465222176412,Reading,4
2005,GEORGIA,214.430920543413,Reading,4
2005,HAWAII,209.578767644628,Reading,4
2005,IDAHO,221.85951138201,Reading,4
2005,ILLINOIS,216.489719991402,Reading,4
2005,INDIANA,218.072533254427,Reading,4
2005,IOWA,220.80940018770698,Reading,4
2005,KANSAS,220.468749319458,Reading,4
2005,KENTUCKY,219.926817858434,Reading,4
2005,LOUISIANA,209.165658287644,Reading,4
2005,MAINE,224.57777217037602,Reading,4
2005,MARYLAND,220.02958576564998,Reading,4
2005,MASSACHUSETTS,231.279439344407,Reading,4
2005,MICHIGAN,218.260689053895,Reading,4
2005,MINNESOTA,225.226578117864,Reading,4
2005,MISSISSIPPI,204.39360704930303,Reading,4
2005,MISSOURI,221.16862279503,Reading,4
2005,MONTANA,224.552179792932,Reading,4
2005,NEBRASKA,221.377462774998,Reading,4
2005,NEVADA,207.186974378559,Reading,4
2005,NEW_HAMPSHIRE,227.438324133747,Reading,4
2005,NEW_JERSEY,223.298393451738,Reading,4
2005,NEW_MEXICO,206.79162070609902,Reading,4
2005,NEW_YORK,222.695200017251,Reading,4
2005,NORTH_CAROLINA,217.13444866524398,Reading,4
2005,NORTH_DAKOTA,224.810846710111,Reading,4
2005,OHIO,222.533253783097,Reading,4
2005,OKLAHOMA,213.861450098821,Reading,4
2005,OREGON,216.899980219675,Reading,4
2005,PENNSYLVANIA,222.771980355527,Reading,4
2005,RHODE_ISLAND,216.43986733386902,Reading,4
2005,SOUTH_CAROLINA,213.20350717718102,Reading,4
2005,SOUTH_DAKOTA,222.39869209845298,Reading,4
2005,TENNESSEE,214.221269348578,Reading,4
2005,TEXAS,218.733823976846,Reading,4
2005,UTAH,221.310927118758,Reading,4
2005,VERMONT,226.88625100599202,Reading,4
2005,VIRGINIA,225.81371068133998,Reading,4
2005,WASHINGTON,223.486397868759,Reading,4
2005,WEST_VIRGINIA,214.767066412741,Reading,4
2005,WISCONSIN,221.16422654343899,Reading,4
2005,WYOMING,223.262145963811,Reading,4
2003,ALABAMA,207.083847576707,Reading,4
2003,ALASKA,211.54715356915298,Reading,4
2003,ARIZONA,208.87280135481998,Reading,4
2003,ARKANSAS,213.615304459937,Reading,4
2003,CALIFORNIA,205.632437100793,Reading,4
2003,COLORADO,223.66098196102797,Reading,4
2003,CONNECTICUT,228.340614955382,Reading,4
2003,DELAWARE,223.928811406218,Reading,4
2003,DISTRICT_OF_COLUMBIA,188.374478503638,Reading,4
2003,FLORIDA,218.014488158342,Reading,4
2003,GEORGIA,213.597219332523,Reading,4
2003,HAWAII,208.259567530742,Reading,4
2003,IDAHO,218.25988551638,Reading,4
2003,ILLINOIS,216.3042879829,Reading,4
2003,INDIANA,220.40649112667901,Reading,4
2003,IOWA,223.271129818993,Reading,4
2003,KANSAS,220.14322971260398,Reading,4
2003,KENTUCKY,219.044417325545,Reading,4
2003,LOUISIANA,204.729487524848,Reading,4
2003,MAINE,223.85949380546901,Reading,4
2003,MARYLAND,218.67375979261502,Reading,4
2003,MASSACHUSETTS,227.604259402914,Reading,4
2003,MICHIGAN,218.789056709096,Reading,4
2003,MINNESOTA,222.608962298108,Reading,4
2003,MISSISSIPPI,205.46440681013001,Reading,4
2003,MISSOURI,222.260230125215,Reading,4
2003,MONTANA,222.74654162772703,Reading,4
2003,NEBRASKA,220.61180206660597,Reading,4
2003,NEVADA,206.959682725248,Reading,4
2003,NEW_HAMPSHIRE,227.789508496749,Reading,4
2003,NEW_JERSEY,225.07332803577003,Reading,4
2003,NEW_MEXICO,203.185312558191,Reading,4
2003,NEW_YORK,222.18820710677602,Reading,4
2003,NORTH_CAROLINA,221.220579655011,Reading,4
2003,NORTH_DAKOTA,221.642245735878,Reading,4
2003,OHIO,221.86579907669,Reading,4
2003,OKLAHOMA,213.57935707208,Reading,4
2003,OREGON,217.61453525022702,Reading,4
2003,PENNSYLVANIA,218.69842753610902,Reading,4
2003,RHODE_ISLAND,216.494015184678,Reading,4
2003,SOUTH_CAROLINA,214.807724490456,Reading,4
2003,SOUTH_DAKOTA,222.27317857721198,Reading,4
2003,TENNESSEE,211.94754112042,Reading,4
2003,TEXAS,214.80800561674099,Reading,4
2003,UTAH,219.270338418871,Reading,4
2003,VERMONT,226.121746629112,Reading,4
2003,VIRGINIA,223.340359189755,Reading,4
2003,WASHINGTON,221.096695134157,Reading,4
2003,WEST_VIRGINIA,219.179524491303,Reading,4
2003,WISCONSIN,220.833427555838,Reading,4
2003,WYOMING,222.075166369555,Reading,4
2002,ALABAMA,206.88002954674,Reading,4
2002,ALASKA,,Reading,4
2002,ARIZONA,205.347275383339,Reading,4
2002,ARKANSAS,212.88179718175,Reading,4
2002,CALIFORNIA,205.916587739819,Reading,4
2002,COLORADO,,Reading,4
2002,CONNECTICUT,229.381142779797,Reading,4
2002,DELAWARE,224.303558406048,Reading,4
2002,DISTRICT_OF_COLUMBIA,190.518073061148,Reading,4
2002,FLORIDA,214.404597570145,Reading,4
2002,GEORGIA,214.81843751796902,Reading,4
2002,HAWAII,207.58544265837398,Reading,4
2002,IDAHO,220.217616989796,Reading,4
2002,ILLINOIS,,Reading,4
2002,INDIANA,221.88034682187,Reading,4
2002,IOWA,223.330640850894,Reading,4
2002,KANSAS,221.97833137733502,Reading,4
2002,KENTUCKY,219.04206752609102,Reading,4
2002,LOUISIANA,206.640449811813,Reading,4
2002,MAINE,224.50827816457803,Reading,4
2002,MARYLAND,217.211175377249,Reading,4
2002,MASSACHUSETTS,233.74841031731603,Reading,4
2002,MICHIGAN,218.613319556875,Reading,4
2002,MINNESOTA,225.258514366717,Reading,4
2002,MISSISSIPPI,202.793328058965,Reading,4
2002,MISSOURI,220.171767157677,Reading,4
2002,MONTANA,224.162866032429,Reading,4
2002,NEBRASKA,221.56523924816798,Reading,4
2002,NEVADA,209.129161847526,Reading,4
2002,NEW_HAMPSHIRE,,Reading,4
2002,NEW_JERSEY,,Reading,4
2002,NEW_MEXICO,207.50117018395198,Reading,4
2002,NEW_YORK,222.445054715407,Reading,4
2002,NORTH_CAROLINA,221.634039776418,Reading,4
2002,NORTH_DAKOTA,223.59155804258202,Reading,4
2002,OHIO,222.435965378937,Reading,4
2002,OKLAHOMA,213.328415588676,Reading,4
2002,OREGON,219.936918287852,Reading,4
2002,PENNSYLVANIA,220.63639332695598,Reading,4
2002,RHODE_ISLAND,219.623505300296,Reading,4
2002,SOUTH_CAROLINA,213.858854536652,Reading,4
2002,SOUTH_DAKOTA,,Reading,4
2002,TENNESSEE,213.69391761722198,Reading,4
2002,TEXAS,216.932241699579,Reading,4
2002,UTAH,221.514180550383,Reading,4
2002,VERMONT,226.961227404525,Reading,4
2002,VIRGINIA,225.00943580011102,Reading,4
2002,WASHINGTON,223.655932696814,Reading,4
2002,WEST_VIRGINIA,218.777794121694,Reading,4
2002,WISCONSIN,,Reading,4
2002,WYOMING,221.129753649229,Reading,4
1998,ALABAMA,210.920767475306,Reading,4
1998,ALASKA,,Reading,4
1998,ARIZONA,206.52978842714802,Reading,4
1998,ARKANSAS,208.837715847409,Reading,4
1998,CALIFORNIA,201.91259066657102,Reading,4
1998,COLORADO,221.65324325387797,Reading,4
1998,CONNECTICUT,231.598304622903,Reading,4
1998,DELAWARE,212.00256328748,Reading,4
1998,DISTRICT_OF_COLUMBIA,181.626990470712,Reading,4
1998,FLORIDA,207.297609369791,Reading,4
1998,GEORGIA,209.818703890167,Reading,4
1998,HAWAII,199.70168159445598,Reading,4
1998,IDAHO,,Reading,4
1998,ILLINOIS,,Reading,4
1998,INDIANA,,Reading,4
1998,IOWA,223.045210304491,Reading,4
1998,KANSAS,222.184880032678,Reading,4
1998,KENTUCKY,217.53088006176003,Reading,4
1998,LOUISIANA,204.226630274646,Reading,4
1998,MAINE,225.404455198134,Reading,4
1998,MARYLAND,214.929886926389,Reading,4
1998,MASSACHUSETTS,225.309860500514,Reading,4
1998,MICHIGAN,216.50139799809799,Reading,4
1998,MINNESOTA,221.83011421782996,Reading,4
1998,MISSISSIPPI,204.301815338639,Reading,4
1998,MISSOURI,216.18255868340302,Reading,4
1998,MONTANA,226.149056807806,Reading,4
1998,NEBRASKA,,Reading,4
1998,NEVADA,207.59793005728199,Reading,4
1998,NEW_HAMPSHIRE,225.71564134755798,Reading,4
1998,NEW_JERSEY,,Reading,4
1998,NEW_MEXICO,205.948605264999,Reading,4
1998,NEW_YORK,215.77921569418098,Reading,4
1998,NORTH_CAROLINA,216.83746284431197,Reading,4
1998,NORTH_DAKOTA,,Reading,4
1998,OHIO,,Reading,4
1998,OKLAHOMA,219.511821509926,Reading,4
1998,OREGON,214.442086585458,Reading,4
1998,PENNSYLVANIA,,Reading,4
1998,RHODE_ISLAND,218.02751787012798,Reading,4
1998,SOUTH_CAROLINA,210.449038859528,Reading,4
1998,SOUTH_DAKOTA,,Reading,4
1998,TENNESSEE,212.40378271707502,Reading,4
1998,TEXAS,216.862012407326,Reading,4
1998,UTAH,215.409191327204,Reading,4
1998,VERMONT,,Reading,4
1998,VIRGINIA,218.352728377109,Reading,4
1998,WASHINGTON,216.846967074992,Reading,4
1998,WEST_VIRGINIA,216.443251227676,Reading,4
1998,WISCONSIN,224.34723177863398,Reading,4
1998,WYOMING,219.010779618272,Reading,4
1994,ALABAMA,207.963517196451,Reading,4
1994,ALASKA,,Reading,4
1994,ARIZONA,206.212715526558,Reading,4
1994,ARKANSAS,208.634458392674,Reading,4
1994,CALIFORNIA,196.764414122393,Reading,4
1994,COLORADO,213.48089032546397,Reading,4
1994,CONNECTICUT,222.417598625519,Reading,4
1994,DELAWARE,206.38905171429198,Reading,4
1994,DISTRICT_OF_COLUMBIA,178.557611651728,Reading,4
1994,FLORIDA,204.882606345676,Reading,4
1994,GEORGIA,206.84417466208,Reading,4
1994,HAWAII,200.88027220468,Reading,4
1994,IDAHO,,Reading,4
1994,ILLINOIS,,Reading,4
1994,INDIANA,219.76325753607497,Reading,4
1994,IOWA,222.85293897815498,Reading,4
1994,KANSAS,,Reading,4
1994,KENTUCKY,211.562307283476,Reading,4
1994,LOUISIANA,196.76226783783002,Reading,4
1994,MAINE,228.38002677611098,Reading,4
1994,MARYLAND,209.645496686524,Reading,4
1994,MASSACHUSETTS,223.16007568134998,Reading,4
1994,MICHIGAN,,Reading,4
1994,MINNESOTA,218.301709171959,Reading,4
1994,MISSISSIPPI,201.529327838956,Reading,4
1994,MISSOURI,216.898079209576,Reading,4
1994,MONTANA,222.301419050803,Reading,4
1994,NEBRASKA,220.034963055612,Reading,4
1994,NEVADA,,Reading,4
1994,NEW_HAMPSHIRE,223.466139521211,Reading,4
1994,NEW_JERSEY,219.39046831622898,Reading,4
1994,NEW_MEXICO,204.535910683103,Reading,4
1994,NEW_YORK,211.74092082461001,Reading,4
1994,NORTH_CAROLINA,214.358085541861,Reading,4
1994,NORTH_DAKOTA,225.23908328462997,Reading,4
1994,OHIO,,Reading,4
1994,OKLAHOMA,,Reading,4
1994,OREGON,,Reading,4
1994,PENNSYLVANIA,215.26834149316502,Reading,4
1994,RHODE_ISLAND,219.94009770347802,Reading,4
1994,SOUTH_CAROLINA,203.416190261787,Reading,4
1994,SOUTH_DAKOTA,,Reading,4
1994,TENNESSEE,212.531394061172,Reading,4
1994,TEXAS,212.394311044766,Reading,4
1994,UTAH,217.33039276236698,Reading,4
1994,VERMONT,,Reading,4
1994,VIRGINIA,213.45728592843201,Reading,4
1994,WASHINGTON,212.695385844034,Reading,4
1994,WEST_VIRGINIA,213.146934703516,Reading,4
1994,WISCONSIN,224.17454529557202,Reading,4
1994,WYOMING,221.185555866572,Reading,4
1992,ALABAMA,207.35849222974701,Reading,4
1992,ALASKA,,Reading,4
1992,ARIZONA,209.40206480543998,Reading,4
1992,ARKANSAS,210.899768304081,Reading,4
1992,CALIFORNIA,202.24752639269798,Reading,4
1992,COLORADO,216.52536049254797,Reading,4
1992,CONNECTICUT,221.612642451919,Reading,4
1992,DELAWARE,212.92345013738,Reading,4
1992,DISTRICT_OF_COLUMBIA,188.139887302877,Reading,4
1992,FLORIDA,208.308035013525,Reading,4
1992,GEORGIA,212.34088993417,Reading,4
1992,HAWAII,203.426628130352,Reading,4
1992,IDAHO,219.317028208157,Reading,4
1992,ILLINOIS,,Reading,4
1992,INDIANA,221.146484876227,Reading,4
1992,IOWA,225.49017144569697,Reading,4
1992,KANSAS,,Reading,4
1992,KENTUCKY,212.51166677896703,Reading,4
1992,LOUISIANA,203.689265435934,Reading,4
1992,MAINE,226.810122899015,Reading,4
1992,MARYLAND,211.04152293468002,Reading,4
1992,MASSACHUSETTS,226.00108924526,Reading,4
1992,MICHIGAN,216.033733125329,Reading,4
1992,MINNESOTA,220.900719162895,Reading,4
1992,MISSISSIPPI,199.10906239865102,Reading,4
1992,MISSOURI,220.049405350833,Reading,4
1992,MONTANA,,Reading,4
1992,NEBRASKA,221.176841973787,Reading,4
1992,NEVADA,,Reading,4
1992,NEW_HAMPSHIRE,227.71482466697998,Reading,4
1992,NEW_JERSEY,222.963653783424,Reading,4
1992,NEW_MEXICO,210.73844398421298,Reading,4
1992,NEW_YORK,214.625123268518,Reading,4
1992,NORTH_CAROLINA,211.54592724424597,Reading,4
1992,NORTH_DAKOTA,225.51595067402303,Reading,4
1992,OHIO,217.370297292174,Reading,4
1992,OKLAHOMA,220.27677693830003,Reading,4
1992,OREGON,,Reading,4
1992,PENNSYLVANIA,220.69265286334098,Reading,4
1992,RHODE_ISLAND,216.61452067093498,Reading,4
1992,SOUTH_CAROLINA,209.716178357788,Reading,4
1992,SOUTH_DAKOTA,,Reading,4
1992,TENNESSEE,212.137178512881,Reading,4
1992,TEXAS,212.504922222608,Reading,4
1992,UTAH,220.390231130988,Reading,4
1992,VERMONT,,Reading,4
1992,VIRGINIA,220.753494580772,Reading,4
1992,WASHINGTON,,Reading,4
1992,WEST_VIRGINIA,215.535595080532,Reading,4
1992,WISCONSIN,223.608070704623,Reading,4
1992,WYOMING,222.983186582396,Reading,4
2017,ALABAMA,257.686520320925,Reading,8
2017,ALASKA,257.667496756549,Reading,8
2017,ARIZONA,262.957456729335,Reading,8
2017,ARKANSAS,259.95579848311,Reading,8
2017,CALIFORNIA,262.520630021396,Reading,8
2017,COLORADO,270.338688509674,Reading,8
2017,CONNECTICUT,272.53771145623404,Reading,8
2017,DELAWARE,263.089089818878,Reading,8
2017,DISTRICT_OF_COLUMBIA,246.78775540229,Reading,8
2017,DODEA,280.499129965249,Reading,8
2017,FLORIDA,266.553368977303,Reading,8
2017,GEORGIA,266.33044082589,Reading,8
2017,HAWAII,260.982318855375,Reading,8
2017,IDAHO,269.673095440861,Reading,8
2017,ILLINOIS,266.928549776657,Reading,8
2017,INDIANA,272.023875675737,Reading,8
2017,IOWA,267.675678851787,Reading,8
2017,KANSAS,267.490027797007,Reading,8
2017,KENTUCKY,265.133438043566,Reading,8
2017,LOUISIANA,256.751471206395,Reading,8
2017,MAINE,268.93063240911,Reading,8
2017,MARYLAND,267.250532713498,Reading,8
2017,MASSACHUSETTS,277.782588599843,Reading,8
2017,MICHIGAN,265.468927541301,Reading,8
2017,MINNESOTA,268.616822331955,Reading,8
2017,MISSISSIPPI,256.344701137275,Reading,8
2017,MISSOURI,266.03500691502103,Reading,8
2017,MONTANA,267.208219320757,Reading,8
2017,NEBRASKA,268.528555260402,Reading,8
2017,NEVADA,259.806407268129,Reading,8
2017,NEW_HAMPSHIRE,274.786039733195,Reading,8
2017,NEW_JERSEY,275.04455230693,Reading,8
2017,NEW_MEXICO,255.578543060787,Reading,8
2017,NEW_YORK,264.15758419309,Reading,8
2017,NORTH_CAROLINA,262.720476897929,Reading,8
2017,NORTH_DAKOTA,265.08192180549497,Reading,8
2017,OHIO,268.450641614295,Reading,8
2017,OKLAHOMA,261.236933515587,Reading,8
2017,OREGON,266.216684155209,Reading,8
2017,PENNSYLVANIA,269.55382331575,Reading,8
2017,RHODE_ISLAND,265.767859953914,Reading,8
2017,SOUTH_CAROLINA,259.75300239808604,Reading,8
2017,SOUTH_DAKOTA,267.355726574154,Reading,8
2017,TENNESSEE,262.046852903713,Reading,8
2017,TEXAS,260.342576542804,Reading,8
2017,UTAH,268.7524196631,Reading,8
2017,VERMONT,273.402640307413,Reading,8
2017,VIRGINIA,267.74477849910403,Reading,8
2017,WASHINGTON,271.617022995208,Reading,8
2017,WEST_VIRGINIA,258.700303604492,Reading,8
2017,WISCONSIN,269.371456395493,Reading,8
2017,WYOMING,269.020028155068,Reading,8
2015,ALABAMA,258.753761500039,Reading,8
2015,ALASKA,260.317018773005,Reading,8
2015,ARIZONA,262.769391809157,Reading,8
2015,ARKANSAS,258.76826797665797,Reading,8
2015,CALIFORNIA,258.986842564294,Reading,8
2015,COLORADO,268.073225333677,Reading,8
2015,CONNECTICUT,273.048030410963,Reading,8
2015,DELAWARE,262.613290731544,Reading,8
2015,DISTRICT_OF_COLUMBIA,247.65344494672402,Reading,8
2015,DODEA,277.191363427262,Reading,8
2015,FLORIDA,263.383001406664,Reading,8
2015,GEORGIA,262.268605314622,Reading,8
2015,HAWAII,257.35043981355,Reading,8
2015,IDAHO,268.553479550783,Reading,8
2015,ILLINOIS,266.806728332711,Reading,8
2015,INDIANA,268.25346768003504,Reading,8
2015,IOWA,268.200596266662,Reading,8
2015,KANSAS,266.76553060986,Reading,8
2015,KENTUCKY,267.772900145423,Reading,8
2015,LOUISIANA,255.46941777756902,Reading,8
2015,MAINE,268.391236298695,Reading,8
2015,MARYLAND,267.905529723763,Reading,8
2015,MASSACHUSETTS,274.497568115749,Reading,8
2015,MICHIGAN,264.496755061626,Reading,8
2015,MINNESOTA,270.23681775626204,Reading,8
2015,MISSISSIPPI,251.97616520927798,Reading,8
2015,MISSOURI,266.876351831946,Reading,8
2015,MONTANA,269.956777592733,Reading,8
2015,NEBRASKA,269.426210864772,Reading,8
2015,NEVADA,259.417376365165,Reading,8
2015,NEW_HAMPSHIRE,274.8067462817,Reading,8
2015,NEW_JERSEY,270.85371153052995,Reading,8
2015,NEW_MEXICO,253.227767643793,Reading,8
2015,NEW_YORK,263.247658592835,Reading,8
2015,NORTH_CAROLINA,260.594556550199,Reading,8
2015,NORTH_DAKOTA,266.95532299054,Reading,8
2015,OHIO,265.879220258589,Reading,8
2015,OKLAHOMA,262.673145850428,Reading,8
2015,OREGON,267.670519675172,Reading,8
2015,PENNSYLVANIA,268.746120751013,Reading,8
2015,RHODE_ISLAND,265.05085783205897,Reading,8
2015,SOUTH_CAROLINA,260.331422813083,Reading,8
2015,SOUTH_DAKOTA,267.079864989695,Reading,8
2015,TENNESSEE,264.771228998921,Reading,8
2015,TEXAS,260.655135980903,Reading,8
2015,UTAH,269.430664700586,Reading,8
2015,VERMONT,273.961831447048,Reading,8
2015,VIRGINIA,266.836053468874,Reading,8
2015,WASHINGTON,267.25088066645696,Reading,8
2015,WEST_VIRGINIA,260.185272642999,Reading,8
2015,WISCONSIN,269.533726363214,Reading,8
2015,WYOMING,268.803363090763,Reading,8
2013,ALABAMA,257.427838227608,Reading,8
2013,ALASKA,261.256092625584,Reading,8
2013,ARIZONA,260.448287236627,Reading,8
2013,ARKANSAS,261.964490796451,Reading,8
2013,CALIFORNIA,261.50245565870097,Reading,8
2013,COLORADO,271.00908694257197,Reading,8
2013,CONNECTICUT,274.459542474537,Reading,8
2013,DELAWARE,265.98498149856204,Reading,8
2013,DISTRICT_OF_COLUMBIA,247.739153738325,Reading,8
2013,DODEA,276.994367424941,Reading,8
2013,FLORIDA,265.828297127322,Reading,8
2013,GEORGIA,264.615713463699,Reading,8
2013,HAWAII,259.96056954683496,Reading,8
2013,IDAHO,270.22416855056196,Reading,8
2013,ILLINOIS,266.898720958132,Reading,8
2013,INDIANA,267.272974657765,Reading,8
2013,IOWA,269.003449619325,Reading,8
2013,KANSAS,266.887523609855,Reading,8
2013,KENTUCKY,269.616471686598,Reading,8
2013,LOUISIANA,257.351242737394,Reading,8
2013,MAINE,269.193764016326,Reading,8
2013,MARYLAND,273.801903090503,Reading,8
2013,MASSACHUSETTS,277.009559086016,Reading,8
2013,MICHIGAN,265.942963067388,Reading,8
2013,MINNESOTA,271.019654579448,Reading,8
2013,MISSISSIPPI,253.14781817765498,Reading,8
2013,MISSOURI,267.215011778953,Reading,8
2013,MONTANA,271.765782480696,Reading,8
2013,NEBRASKA,269.221914635868,Reading,8
2013,NEVADA,261.695982235772,Reading,8
2013,NEW_HAMPSHIRE,274.307731748779,Reading,8
2013,NEW_JERSEY,276.37798779341,Reading,8
2013,NEW_MEXICO,255.87007704604198,Reading,8
2013,NEW_YORK,266.346063235407,Reading,8
2013,NORTH_CAROLINA,264.540999710832,Reading,8
2013,NORTH_DAKOTA,267.779199654396,Reading,8
2013,OHIO,269.086973442103,Reading,8
2013,OKLAHOMA,261.931495221637,Reading,8
2013,OREGON,268.282662715666,Reading,8
2013,PENNSYLVANIA,272.085365342425,Reading,8
2013,RHODE_ISLAND,266.677052388789,Reading,8
2013,SOUTH_CAROLINA,261.449050699613,Reading,8
2013,SOUTH_DAKOTA,268.100772835989,Reading,8
2013,TENNESSEE,265.359504625647,Reading,8
2013,TEXAS,263.684137731278,Reading,8
2013,UTAH,270.041925765873,Reading,8
2013,VERMONT,274.368547733738,Reading,8
2013,VIRGINIA,267.589864309109,Reading,8
2013,WASHINGTON,272.036124410819,Reading,8
2013,WEST_VIRGINIA,257.383509312362,Reading,8
2013,WISCONSIN,267.54299418783296,Reading,8
2013,WYOMING,270.966172221906,Reading,8
2011,ALABAMA,258.421090379483,Reading,8
2011,ALASKA,261.28525201639997,Reading,8
2011,ARIZONA,260.14800521382597,Reading,8
2011,ARKANSAS,259.140937770185,Reading,8
2011,CALIFORNIA,254.935218336086,Reading,8
2011,COLORADO,270.636204320649,Reading,8
2011,CONNECTICUT,274.681399470751,Reading,8
2011,DELAWARE,265.83947553632004,Reading,8
2011,DISTRICT_OF_COLUMBIA,242.056368171996,Reading,8
2011,DODEA,272.349959976913,Reading,8
2011,FLORIDA,262.121374840411,Reading,8
2011,GEORGIA,262.358643383963,Reading,8
2011,HAWAII,257.188010446519,Reading,8
2011,IDAHO,268.014671593394,Reading,8
2011,ILLINOIS,265.643729382276,Reading,8
2011,INDIANA,264.729844537772,Reading,8
2011,IOWA,264.55452746182596,Reading,8
2011,KANSAS,267.336395789343,Reading,8
2011,KENTUCKY,268.833963566714,Reading,8
2011,LOUISIANA,254.68834784390498,Reading,8
2011,MAINE,269.872413013173,Reading,8
2011,MARYLAND,271.222896649808,Reading,8
2011,MASSACHUSETTS,275.36851762846,Reading,8
2011,MICHIGAN,265.194041240472,Reading,8
2011,MINNESOTA,270.148960241064,Reading,8
2011,MISSISSIPPI,253.83344043271302,Reading,8
2011,MISSOURI,266.76205134969103,Reading,8
2011,MONTANA,272.87414076560697,Reading,8
2011,NEBRASKA,267.70386518897203,Reading,8
2011,NEVADA,258.19326424883997,Reading,8
2011,NEW_HAMPSHIRE,272.078626455018,Reading,8
2011,NEW_JERSEY,275.183164316271,Reading,8
2011,NEW_MEXICO,255.86163460115003,Reading,8
2011,NEW_YORK,265.69702830715,Reading,8
2011,NORTH_CAROLINA,262.928956255321,Reading,8
2011,NORTH_DAKOTA,268.69421789306097,Reading,8
2011,OHIO,268.283949224188,Reading,8
2011,OKLAHOMA,260.121264611744,Reading,8
2011,OREGON,264.225611626444,Reading,8
2011,PENNSYLVANIA,267.750596675669,Reading,8
2011,RHODE_ISLAND,265.119556331117,Reading,8
2011,SOUTH_CAROLINA,260.30701989879503,Reading,8
2011,SOUTH_DAKOTA,268.941537575366,Reading,8
2011,TENNESSEE,259.20837071319903,Reading,8
2011,TEXAS,261.428390874698,Reading,8
2011,UTAH,267.08740609916197,Reading,8
2011,VERMONT,273.84076504911496,Reading,8
2011,VIRGINIA,267.272891187823,Reading,8
2011,WASHINGTON,267.577473732317,Reading,8
2011,WEST_VIRGINIA,256.10686155675097,Reading,8
2011,WISCONSIN,267.16702974162,Reading,8
2011,WYOMING,269.568729685871,Reading,8
2009,ALABAMA,254.89524659554002,Reading,8
2009,ALASKA,259.449426538116,Reading,8
2009,ARIZONA,257.595275452299,Reading,8
2009,ARKANSAS,258.048580163614,Reading,8
2009,CALIFORNIA,252.631380782334,Reading,8
2009,COLORADO,265.51311994428,Reading,8
2009,CONNECTICUT,271.810133169712,Reading,8
2009,DELAWARE,264.998966063101,Reading,8
2009,DISTRICT_OF_COLUMBIA,242.49042430531398,Reading,8
2009,DODEA,272.45931634873904,Reading,8
2009,FLORIDA,264.362040854787,Reading,8
2009,GEORGIA,260.244524519648,Reading,8
2009,HAWAII,254.738979931593,Reading,8
2009,IDAHO,264.837184984886,Reading,8
2009,ILLINOIS,264.514002261585,Reading,8
2009,INDIANA,265.69124060951,Reading,8
2009,IOWA,264.888126041644,Reading,8
2009,KANSAS,266.799519310717,Reading,8
2009,KENTUCKY,266.854019810768,Reading,8
2009,LOUISIANA,253.329004007468,Reading,8
2009,MAINE,267.706499608477,Reading,8
2009,MARYLAND,267.29805648900395,Reading,8
2009,MASSACHUSETTS,273.58928971871103,Reading,8
2009,MICHIGAN,261.898150017122,Reading,8
2009,MINNESOTA,269.739820132507,Reading,8
2009,MISSISSIPPI,251.305654614612,Reading,8
2009,MISSOURI,266.876460156868,Reading,8
2009,MONTANA,270.393925995333,Reading,8
2009,NEBRASKA,267.067856574245,Reading,8
2009,NEVADA,253.84095441962998,Reading,8
2009,NEW_HAMPSHIRE,270.748158823326,Reading,8
2009,NEW_JERSEY,272.80263385761003,Reading,8
2009,NEW_MEXICO,254.129173669956,Reading,8
2009,NEW_YORK,264.288057457975,Reading,8
2009,NORTH_CAROLINA,259.528486560755,Reading,8
2009,NORTH_DAKOTA,269.239984852546,Reading,8
2009,OHIO,268.67823553327,Reading,8
2009,OKLAHOMA,259.495771007061,Reading,8
2009,OREGON,265.08924671643996,Reading,8
2009,PENNSYLVANIA,270.700536709088,Reading,8
2009,RHODE_ISLAND,259.885589729898,Reading,8
2009,SOUTH_CAROLINA,257.27418459256097,Reading,8
2009,SOUTH_DAKOTA,270.06099022928,Reading,8
2009,TENNESSEE,260.94667619164903,Reading,8
2009,TEXAS,260.368795018986,Reading,8
2009,UTAH,265.591577109328,Reading,8
2009,VERMONT,272.305134189083,Reading,8
2009,VIRGINIA,265.641981716133,Reading,8
2009,WASHINGTON,266.917617143622,Reading,8
2009,WEST_VIRGINIA,254.799747493408,Reading,8
2009,WISCONSIN,265.812615742952,Reading,8
2009,WYOMING,268.159428117446,Reading,8
2007,ALABAMA,251.93688143753602,Reading,8
2007,ALASKA,258.798455932602,Reading,8
2007,ARIZONA,254.82879235400398,Reading,8
2007,ARKANSAS,257.96099580386004,Reading,8
2007,CALIFORNIA,251.287791535591,Reading,8
2007,COLORADO,266.407881623504,Reading,8
2007,CONNECTICUT,267.055691390062,Reading,8
2007,DELAWARE,264.544830664544,Reading,8
2007,DISTRICT_OF_COLUMBIA,240.793624795109,Reading,8
2007,DODEA,272.692552866005,Reading,8
2007,FLORIDA,259.790720651776,Reading,8
2007,GEORGIA,258.70499279233997,Reading,8
2007,HAWAII,251.33081069192403,Reading,8
2007,IDAHO,264.88634244604697,Reading,8
2007,ILLINOIS,262.826617097915,Reading,8
2007,INDIANA,264.095960900362,Reading,8
2007,IOWA,267.450719560442,Reading,8
2007,KANSAS,267.413790936682,Reading,8
2007,KENTUCKY,261.96595099365396,Reading,8
2007,LOUISIANA,253.23829428128897,Reading,8
2007,MAINE,269.920153818638,Reading,8
2007,MARYLAND,265.240121492132,Reading,8
2007,MASSACHUSETTS,273.284048809294,Reading,8
2007,MICHIGAN,260.31770609297297,Reading,8
2007,MINNESOTA,268.197442761373,Reading,8
2007,MISSISSIPPI,250.063570104392,Reading,8
2007,MISSOURI,263.442315999206,Reading,8
2007,MONTANA,270.937849960978,Reading,8
2007,NEBRASKA,267.030850555401,Reading,8
2007,NEVADA,252.348473866768,Reading,8
2007,NEW_HAMPSHIRE,269.734588561039,Reading,8
2007,NEW_JERSEY,270.141550284263,Reading,8
2007,NEW_MEXICO,250.75317445252998,Reading,8
2007,NEW_YORK,263.54571646767005,Reading,8
2007,NORTH_CAROLINA,259.13670308841097,Reading,8
2007,NORTH_DAKOTA,268.017670542433,Reading,8
2007,OHIO,267.978979400559,Reading,8
2007,OKLAHOMA,259.547225161046,Reading,8
2007,OREGON,265.710210180337,Reading,8
2007,PENNSYLVANIA,267.665630227785,Reading,8
2007,RHODE_ISLAND,258.321117711185,Reading,8
2007,SOUTH_CAROLINA,257.42120279297296,Reading,8
2007,SOUTH_DAKOTA,269.596763416027,Reading,8
2007,TENNESSEE,259.161954905287,Reading,8
2007,TEXAS,260.812919224922,Reading,8
2007,UTAH,262.22802467896196,Reading,8
2007,VERMONT,273.045757236707,Reading,8
2007,VIRGINIA,266.87873748607603,Reading,8
2007,WASHINGTON,264.947778144606,Reading,8
2007,WEST_VIRGINIA,254.99855238547798,Reading,8
2007,WISCONSIN,264.184509633385,Reading,8
2007,WYOMING,266.22554358249,Reading,8
2005,ALABAMA,251.978391189903,Reading,8
2005,ALASKA,258.721274696008,Reading,8
2005,ARIZONA,254.78793822517503,Reading,8
2005,ARKANSAS,257.691731885046,Reading,8
2005,CALIFORNIA,250.431056381298,Reading,8
2005,COLORADO,264.75810609504504,Reading,8
2005,CONNECTICUT,264.012759246181,Reading,8
2005,DELAWARE,266.00936537348,Reading,8
2005,DISTRICT_OF_COLUMBIA,238.20309296002998,Reading,8
2005,DODEA,270.508740857412,Reading,8
2005,FLORIDA,255.77997000492599,Reading,8
2005,GEORGIA,256.872381537265,Reading,8
2005,HAWAII,248.50542302122102,Reading,8
2005,IDAHO,264.301743791415,Reading,8
2005,ILLINOIS,263.517029687837,Reading,8
2005,INDIANA,261.013686455544,Reading,8
2005,IOWA,267.00317168531103,Reading,8
2005,KANSAS,266.831233242163,Reading,8
2005,KENTUCKY,263.938418419941,Reading,8
2005,LOUISIANA,252.691593269226,Reading,8
2005,MAINE,269.983443790132,Reading,8
2005,MARYLAND,260.78238344543,Reading,8
2005,MASSACHUSETTS,273.716062946534,Reading,8
2005,MICHIGAN,261.138472348508,Reading,8
2005,MINNESOTA,268.35667287108896,Reading,8
2005,MISSISSIPPI,250.530668896407,Reading,8
2005,MISSOURI,264.659368767086,Reading,8
2005,MONTANA,269.224129746888,Reading,8
2005,NEBRASKA,267.455694338449,Reading,8
2005,NEVADA,252.86906252292005,Reading,8
2005,NEW_HAMPSHIRE,269.65127033258597,Reading,8
2005,NEW_JERSEY,269.423228138126,Reading,8
2005,NEW_MEXICO,251.03333074844502,Reading,8
2005,NEW_YORK,265.13856181731603,Reading,8
2005,NORTH_CAROLINA,258.160185489234,Reading,8
2005,NORTH_DAKOTA,270.243755830946,Reading,8
2005,OHIO,266.767281184036,Reading,8
2005,OKLAHOMA,259.631359955752,Reading,8
2005,OREGON,263.156890818544,Reading,8
2005,PENNSYLVANIA,266.821911059188,Reading,8
2005,RHODE_ISLAND,260.968326762196,Reading,8
2005,SOUTH_CAROLINA,257.16910456442,Reading,8
2005,SOUTH_DAKOTA,268.540435645755,Reading,8
2005,TENNESSEE,259.072341834008,Reading,8
2005,TEXAS,258.191597999486,Reading,8
2005,UTAH,261.87087212251,Reading,8
2005,VERMONT,268.772420626961,Reading,8
2005,VIRGINIA,267.80896673815397,Reading,8
2005,WASHINGTON,264.656551932316,Reading,8
2005,WEST_VIRGINIA,255.07337956310002,Reading,8
2005,WISCONSIN,266.228560789199,Reading,8
2005,WYOMING,268.124234884295,Reading,8
2003,ALABAMA,253.172593739071,Reading,8
2003,ALASKA,256.409625298838,Reading,8
2003,ARIZONA,255.320115210993,Reading,8
2003,ARKANSAS,257.998089007686,Reading,8
2003,CALIFORNIA,251.007500405859,Reading,8
2003,COLORADO,267.592640864405,Reading,8
2003,CONNECTICUT,267.218075351081,Reading,8
2003,DELAWARE,264.532051451005,Reading,8
2003,DISTRICT_OF_COLUMBIA,238.700733278197,Reading,8
2003,DODEA,271.790968707121,Reading,8
2003,FLORIDA,257.30131978689604,Reading,8
2003,GEORGIA,257.714824971911,Reading,8
2003,HAWAII,251.284801856226,Reading,8
2003,IDAHO,264.439775716816,Reading,8
2003,ILLINOIS,266.408968905567,Reading,8
2003,INDIANA,264.832532267553,Reading,8
2003,IOWA,267.5048316647,Reading,8
2003,KANSAS,266.011689626198,Reading,8
2003,KENTUCKY,266.191435227824,Reading,8
2003,LOUISIANA,253.448288243581,Reading,8
2003,MAINE,268.323265177592,Reading,8
2003,MARYLAND,261.59573193942504,Reading,8
2003,MASSACHUSETTS,272.90664505005697,Reading,8
2003,MICHIGAN,264.37829249338796,Reading,8
2003,MINNESOTA,267.711358412271,Reading,8
2003,MISSISSIPPI,255.010828024612,Reading,8
2003,MISSOURI,267.363673296442,Reading,8
2003,MONTANA,269.833415980195,Reading,8
2003,NEBRASKA,266.313690432675,Reading,8
2003,NEVADA,252.309915677623,Reading,8
2003,NEW_HAMPSHIRE,270.734453004041,Reading,8
2003,NEW_JERSEY,267.786953088416,Reading,8
2003,NEW_MEXICO,251.59915596535402,Reading,8
2003,NEW_YORK,265.329794503317,Reading,8
2003,NORTH_CAROLINA,261.71164481782,Reading,8
2003,NORTH_DAKOTA,269.73035434547,Reading,8
2003,OHIO,266.566105917826,Reading,8
2003,OKLAHOMA,261.719961000332,Reading,8
2003,OREGON,264.025569883652,Reading,8
2003,PENNSYLVANIA,264.267365101484,Reading,8
2003,RHODE_ISLAND,260.879572089782,Reading,8
2003,SOUTH_CAROLINA,258.08899144280497,Reading,8
2003,SOUTH_DAKOTA,269.97105860956503,Reading,8
2003,TENNESSEE,258.10836458389,Reading,8
2003,TEXAS,258.77725796924096,Reading,8
2003,UTAH,264.30344257817404,Reading,8
2003,VERMONT,270.519439020331,Reading,8
2003,VIRGINIA,268.004817111028,Reading,8
2003,WASHINGTON,264.494066459256,Reading,8
2003,WEST_VIRGINIA,259.564237912782,Reading,8
2003,WISCONSIN,266.46861763683603,Reading,8
2003,WYOMING,267.00102854451,Reading,8
2002,ALABAMA,252.50170539730598,Reading,8
2002,ALASKA,,Reading,8
2002,ARIZONA,256.734911435366,Reading,8
2002,ARKANSAS,260.134870734393,Reading,8
2002,CALIFORNIA,250.45080327128798,Reading,8
2002,COLORADO,,Reading,8
2002,CONNECTICUT,267.03207277544703,Reading,8
2002,DELAWARE,267.27419015820703,Reading,8
2002,DISTRICT_OF_COLUMBIA,239.81052471406798,Reading,8
2002,DODEA,272.913744585382,Reading,8
2002,FLORIDA,261.053655909529,Reading,8
2002,GEORGIA,258.005481643787,Reading,8
2002,HAWAII,251.613131557334,Reading,8
2002,IDAHO,266.499769185748,Reading,8
2002,ILLINOIS,,Reading,8
2002,INDIANA,264.88812111338103,Reading,8
2002,IOWA,,Reading,8
2002,KANSAS,269.11593569735,Reading,8
2002,KENTUCKY,265.246740416014,Reading,8
2002,LOUISIANA,256.268351413193,Reading,8
2002,MAINE,269.821249244155,Reading,8
2002,MARYLAND,263.344864194438,Reading,8
2002,MASSACHUSETTS,270.51826659124697,Reading,8
2002,MICHIGAN,264.72304587388,Reading,8
2002,MINNESOTA,,Reading,8
2002,MISSISSIPPI,255.02119273528402,Reading,8
2002,MISSOURI,267.909415312882,Reading,8
2002,MONTANA,270.165042334049,Reading,8
2002,NEBRASKA,269.948920609891,Reading,8
2002,NEVADA,251.36320098116198,Reading,8
2002,NEW_HAMPSHIRE,,Reading,8
2002,NEW_JERSEY,,Reading,8
2002,NEW_MEXICO,253.662756337578,Reading,8
2002,NEW_YORK,263.948636520536,Reading,8
2002,NORTH_CAROLINA,265.022858505901,Reading,8
2002,NORTH_DAKOTA,268.090026516872,Reading,8
2002,OHIO,268.315861934206,Reading,8
2002,OKLAHOMA,262.012002985815,Reading,8
2002,OREGON,268.14453047088904,Reading,8
2002,PENNSYLVANIA,265.320558357815,Reading,8
2002,RHODE_ISLAND,261.90343434100896,Reading,8
2002,SOUTH_CAROLINA,257.640782839043,Reading,8
2002,SOUTH_DAKOTA,,Reading,8
2002,TENNESSEE,260.276441370062,Reading,8
2002,TEXAS,262.100424202088,Reading,8
2002,UTAH,263.283637608256,Reading,8
2002,VERMONT,271.834589771075,Reading,8
2002,VIRGINIA,269.197450536696,Reading,8
2002,WASHINGTON,268.16815433493696,Reading,8
2002,WEST_VIRGINIA,263.689781060585,Reading,8
2002,WISCONSIN,,Reading,8
2002,WYOMING,264.938465791346,Reading,8
1998,ALABAMA,255.226634758003,Reading,8
1998,ALASKA,,Reading,8
1998,ARIZONA,260.800207957654,Reading,8
1998,ARKANSAS,255.72653046075803,Reading,8
1998,CALIFORNIA,253.212951848734,Reading,8
1998,COLORADO,263.542195758144,Reading,8
1998,CONNECTICUT,271.566770262617,Reading,8
1998,DELAWARE,255.88232724792005,Reading,8
1998,DISTRICT_OF_COLUMBIA,236.37910176331403,Reading,8
1998,DODEA,269.164666217334,Reading,8
1998,FLORIDA,253.334826741604,Reading,8
1998,GEORGIA,257.073154114235,Reading,8
1998,HAWAII,249.689755497402,Reading,8
1998,IDAHO,,Reading,8
1998,ILLINOIS,,Reading,8
1998,INDIANA,,Reading,8
1998,IOWA,,Reading,8
1998,KANSAS,267.78819544201303,Reading,8
1998,KENTUCKY,262.06171356024504,Reading,8
1998,LOUISIANA,251.891860455233,Reading,8
1998,MAINE,272.647106316912,Reading,8
1998,MARYLAND,262.102922675169,Reading,8
1998,MASSACHUSETTS,268.872457894829,Reading,8
1998,MICHIGAN,,Reading,8
1998,MINNESOTA,267.218236187418,Reading,8
1998,MISSISSIPPI,250.578131600625,Reading,8
1998,MISSOURI,262.90367876662003,Reading,8
1998,MONTANA,270.21341948159,Reading,8
1998,NEBRASKA,,Reading,8
1998,NEVADA,256.838401303912,Reading,8
1998,NEW_HAMPSHIRE,,Reading,8
1998,NEW_JERSEY,,Reading,8
1998,NEW_MEXICO,257.532427542738,Reading,8
1998,NEW_YORK,266.311662282306,Reading,8
1998,NORTH_CAROLINA,263.591741914869,Reading,8
1998,NORTH_DAKOTA,,Reading,8
1998,OHIO,,Reading,8
1998,OKLAHOMA,265.363798443416,Reading,8
1998,OREGON,265.807107945656,Reading,8
1998,PENNSYLVANIA,,Reading,8
1998,RHODE_ISLAND,262.32512640240003,Reading,8
1998,SOUTH_CAROLINA,254.52363696023602,Reading,8
1998,SOUTH_DAKOTA,,Reading,8
1998,TENNESSEE,258.859712454914,Reading,8
1998,TEXAS,262.169894656696,Reading,8
1998,UTAH,264.619664664416,Reading,8
1998,VERMONT,,Reading,8
1998,VIRGINIA,266.41968692282995,Reading,8
1998,WASHINGTON,264.713904329936,Reading,8
1998,WEST_VIRGINIA,261.57792090563,Reading,8
1998,WISCONSIN,265.976765009526,Reading,8
1998,WYOMING,262.118986062654,Reading,8
